artigoEmPeriodico	 	2021	2525-4251	http://dx.doi.org/10.25286/repa.v%206%20i%202.1%20269	Estudo da Utilização de Cartas de Controle e da Capabilidade de Processo no Monitoramento e Ajuste dos Intervalos de Calibração de um Transdutor de Torque	REVISTA DE ENGENHARIA E PESQUISA APLICADA	ARAUJO, R. P. ; Oliveira, José Eduardo ; OLIVEIRA, C. A. N. ; SILVA, N. G. ; OLIVEIRA, E. J. A. ; FREITAS, M. M. S.	B5	
artigoEmPeriodico	 	2021	0920-5861	http://dx.doi.org/10.1016/j.cattod.2021.02.006	Photocatalytic degradation of RB5 textile dye using immobilized TiO2 in brass structured systems	CATALYSIS TODAY	DA SILVA, ÉMERSON F.M. ; XIMENES, ÉRIKA R.B. ; DE SALES, LETÍCIA B.V. ; DANTAS, ERICA J.M. ; OLIVEIRA, EVELLE D.C. ; SIMÕES, THIAGO B. ; RIBEIRO, ANDRÉ T.S. ; SANZ, OIHANE ; Machado, Giovanna ; ALMEIDA, LUCIANO C.	A1	
artigoEmPeriodico	 	2021	2525-8761	http://dx.doi.org/10.34117/bjdv7n2-117	Development of the capability coefficient (Cdl*) for quality control of measuring instruments and systems	https://doi.org/10.34117/bjdv7n2-117	OLIVEIRA, J. E. F. ; OLIVEIRA, C. A. N. ; ARAUJO, R. P. ; Oliveira, Eduardo José Alecio ; SILVA, N. G. ; SOARES, A. M. F.	Qualis nao identificado	https://doi.org/10.34117/bjdv7n2-117
artigoEmPeriodico	 	2021	2525-8761	http://dx.doi.org/10.34117/bjdv7n1-500	Aplicação da Análise de Pareto através de um experimento fatorial para o coeficiente de capabilidade (Cdl*) ? um estudo de caso relacionado à grandeza torque	Brazilian Journal of Development	Oliveira, José Eduardo ; OLIVEIRA, CARLOS AUGUSTO NASCIMENTO ; OLIVEIRA, S. T. ; SOARES, A. M. F. ; OLIVEIRA, E. J. A. ; SILVA, N. G. ; ARAUJO, R. P.	Qualis nao identificado	Brazilian Journal of Development
artigoEmPeriodico	 	2021	0022-4596	http://dx.doi.org/10.1016/j.jssc.2020.121916	Novel luminescent calixarene-based lanthanide materials: From synthesis and characterization to the selective detection of Fe3+	JOURNAL OF SOLID STATE CHEMISTRY	SILVA LINS, ILÁRIA MARTINA ; DANIEL DA SILVA FONSECA, JOSÉ ; LOURENÇO DA LUZ, LEONIS ; CHOJNACKI, JAROS'AW ; Júnior, Severino Alves ; BARROS, BRÁULIO SILVA ; KULESZA, JOANNA	Qualis nao identificado	JOURNAL OF SOLID STATE CHEMISTRY
artigoEmPeriodico	 	2021	1735-9244	http://dx.doi.org/10.5829/ije.2021.34.04a.29	Control of Steel Detachment and Metal Flow on Aluminum-steel Friction Stir Welding of Thin Joints	IJE TRANSACTIONS A: Basics	TORRES, E.A. ; GRACIANO-URIBE, J. ; SANTOS, T. F. A.	Qualis nao identificado	IJE TRANSACTIONS A: Basics
artigoEmPeriodico	 	2021	0268-3768	http://dx.doi.org/10.1007/s00170-020-06418-z	Banding and microstructural features in laser cladding of a 304 substrate using 316 powder	INTERNATIONAL JOURNAL OF ADVANCED MANUFACTURING TECHNOLOGY	TORRES, EDWAR A. ; APOLINARIO, LUIS H. R. ; ARAUJO, HELEN R. ; PICCHI, IVAN B. M. ; SANTOS, TIAGO F. A.	B1	THE INTERNATIONAL JOURNAL OF ADVANCED MANUFACTURING TECHNOLOGY (INTERNET)
artigoEmPeriodico	 	2020	1517-7076	http://dx.doi.org/10.1590/S1517-707620200004.1162	Structural and photophysical properties of hydroxyapatite doped with lanthanide ions	Materia-Rio de Janeiro	BARBOSA, A. A. ; JUNIOR, S. ALVES ; OLIVEIRA, R. A. P. ; FERRAZ, A. V.	B2	
artigoEmPeriodico	 	2020	0928-4931	http://dx.doi.org/10.1016/j.msec.2020.111227	Multifunctional hydroxyapatite with potential for application in theranostic nanomedicine	Materials Science & Engineering C-Materials for Biological Applications	BARBOSA, AMANDA ALVES ; Júnior, Severino Alves ; MENDES, ROSEMAIRY LUCIANE ; DE LIMA, RICARDO SANTANA ; DE VASCONCELOS FERRAZ, ANDRÉA	B1	
artigoEmPeriodico	 	2020	1678-2690	http://dx.doi.org/10.1590/0001-3765202020200504	TiO2 nanotubes decorated with Au nanoparticles for Photocatalytic Hydrogen Generation under UV-Visible and Visible Light Irradiations	ANAIS DA ACADEMIA BRASILEIRA DE CIÊNCIAS (ONLINE)	COSTA, JEAN CLAUDIO S. ; FRANCO, NOELIA ; SOARES, THIAGO ANDRÉ S. ; SARAIVA, NAYTHALLA ANGELA M. ; GARCIA, MARCO AURÉLIO S. ; GONZALEZ, JOHAN RENE ; Machado, Giovanna	B1	
artigoEmPeriodico	 	2020	0925-4005	http://dx.doi.org/10.1016/j.snb.2019.127636	Gold-copper metal-organic framework nanocomposite as a glassy carbon electrode modifier for the voltammetric detection of glutathione in commercial dietary supplements	SENSORS AND ACTUATORS B-CHEMICAL	DE ALMEIDA FERRAZ, NADJA VANESSA ; SILVA VASCONCELOS, WELLYTON ; SANTOS SILVA, CECÍLIA ; ALVES JUNIOR, SEVERINO ; Amorim, Célia G. ; DA CONCEIÇÃO BRANCO S. M. MONTENEGRO, MARIA ; DA CUNHA AREIAS, MADALENA CARNEIRO	A1	SENSORS AND ACTUATORS. B, CHEMICAL
artigoEmPeriodico	 	2020	0020-1693	http://dx.doi.org/10.1016/j.ica.2020.119985	Copper and copper-manganese 1D coordination polymers: synthesis optimization, crystal structure and preliminary studies as catalysts for baylis-hillman reactions	INORGANICA CHIMICA ACTA	DE ANDRADE, JULYANNA CANDIDO DUTRA ; SILVA, LUCAS ARAUJO TRAJANO ; LIMA-JÚNIOR, CLAUDIO GABRIEL ; CHOJNACKI, JAROSLAW ; DE ALMEIDA VASCONCELOS, MÁRIO LUIZ ARAÚJO ; DA SILVA, RODOLFO BEZERRA ; Alves Júnior, Severino ; da Silva, Fausthon Fred	Qualis nao identificado	INORGANICA CHIMICA ACTA
artigoEmPeriodico	 	2020	0254-0584	http://dx.doi.org/10.1016/j.matchemphys.2019.122296	Study of microbiologically induced corrosion of 5052 aluminum alloy by sulfate-reducing bacteria in seawater	MATERIALS CHEMISTRY AND PHYSICS	DE ANDRADE, JÉSSICA SIMÕES ; VIEIRA, MAGDA ROSÂNGELA SANTOS ; OLIVEIRA, SARA HORÁCIO ; DE MELO SANTOS, SUSEANNE KEDMA ; URTIGA FILHO, SEVERINO LEOPOLDINO	A2	
artigoEmPeriodico	 	2020	2045-2322	http://dx.doi.org/10.1038/s41598-020-73848-w	ZIF-8 as a promising drug delivery system for benznidazole: development, characterization, in vitro dialysis release and cytotoxicity	Scientific Reports	DE MOURA FERRAZ, LESLIE RAPHAEL ; TABOSA, ALINNE ÉLIDA GONÇALVES ALVES ; DA SILVA NASCIMENTO, DÉBORA DOLORES SOUZA ; FERREIRA, ALINE SILVA ; DE ALBUQUERQUE WANDERLEY SALES, VICTOR ; SILVA, JOSÉ YAGO RODRIGUES ; Júnior, Severino Alves ; ROLIM, LARISSA ARAÚJO ; DE SOUZA PEREIRA, JORGE JOSÉ ; ROLIM-NETO, PEDRO JOSÉ	A1	SCIENTIFIC REPORTS
artigoEmPeriodico	 	2020	1773-2247	http://dx.doi.org/10.1016/j.jddst.2020.101876	Synthesis, characterization and cytotoxicity of the Eugenia brejoensis essential oil inclusion complex with β-cyclodextrin	JOURNAL OF DRUG DELIVERY SCIENCE AND TECHNOLOGY	DE SANTANA, NATALY AMORIM ; DA SILVA, RAYANE CRISTINE SANTOS ; FOURMENTIN, SOPHIE ; DOS ANJOS, KEICYANNE FERNANDA LESSA ; OOTAN, MÁRCIO AKIO ; DA SILVA, ALEXANDRE GOMES ; PEREIRA ARAÚJO, BIANCA GALÚCIO ; DOS SANTOS CORREIA, MARIA TEREZA ; DA SILVA, MÁRCIA VANUSA ; Machado, Giovanna	C	SCIENCE AND TECHNOLOGY
artigoEmPeriodico	 	2020	2213-3437	http://dx.doi.org/10.1016/j.jece.2020.103745	Preparation, characterization and application of polymeric thin films containing silver and copper nanoparticles with bactericidal activity	JOURNAL OF ENVIRONMENTAL CHEMICAL ENGINEERING	ELTZ, FABIANA ZARPELON ; VEBBER, MÁRIO CÉSAR ; AGUZOLLI, CESAR ; Machado, Giovanna ; CRESPO, JANAINA DA SILVA ; Giovanela, Marcelo	B3	
artigoEmPeriodico	 	2020	1773-2247	http://dx.doi.org/10.1016/j.jddst.2020.102117	Graphene quantum dots decorated with imatinib for leukemia treatment	JOURNAL OF DRUG DELIVERY SCIENCE AND TECHNOLOGY	FELIX, DANIELE MENDES ; REBELO ALENCAR, LUCIANA MAGALHÃES ; DUARTE DE MENEZES, FREDERICO ; MIDLEJ, VICTOR DO VALLE PEREIRA ; AGUIAR, LORAYNE ; GEMINI PIPERNI, SARA ; ZHANG, JIAN ; LIU, YIN ; RICCI-JUNIOR, EDUARDO ; ALEXIS, FRANK ; JUNIOR, SEVERINO ALVES ; ZHU, LIN ; SANTOS-OLIVEIRA, RALPH	C	SCIENCE AND TECHNOLOGY
artigoEmPeriodico	 	2020	0268-3768	http://dx.doi.org/10.1007/s00170-020-05343-5	Investigation of transverse shrinkage and angular distortion caused by hybrid laser-arc welding	INTERNATIONAL JOURNAL OF ADVANCED MANUFACTURING TECHNOLOGY	FERNANDES, CAMILA ALBUQUERQUE ; DO VALE, NATÁLIA LOPES ; DE ABREU SANTOS, TIAGO FELIPE ; URTIGA FILHO, SEVERINO LEOPOLDINO	B1	THE INTERNATIONAL JOURNAL OF ADVANCED MANUFACTURING TECHNOLOGY (INTERNET)
artigoEmPeriodico	 	2020	1549-9596	http://dx.doi.org/10.1021/acs.jcim.9b00785	Are the Absorption Spectra of Doxorubicin Properly Described by Considering Different Tautomers?	Journal of Chemical Information and Modeling	FLORÊNCIO E SILVA, EDVONALDO ; MACHADO, EDNA S. ; Vasconcelos, Iane B. ; Junior, Severino A. ; L. DUTRA, JOSÉ DIOGO ; FREIRE, Ricardo O. ; da Costa, Nivan B.	Qualis nao identificado	Journal of Chemical Information and Modeling
artigoEmPeriodico	 	2020	2675-1488	http://dx.doi.org/10.5281/zenodo.3785186	Impacto da Covid-19 Sobre a Economia Mundial	BOCA - Boletim de Conjunura	GAMA NETO, RICARDO BORGES	Qualis nao identificado	BOCA - Boletim de Conjunura
artigoEmPeriodico	 	2020	0167-577X	http://dx.doi.org/10.1016/j.matlet.2020.128527	Photoluminescent blossom tree-like carbon nanotubes decorated with polymer nanoparticles with high colloidal stability	MATERIALS LETTERS	IBAÑEZ, CRISTAL ; PELAGIO-FLORES, MIGUEL ; SILVA, SIDICLEIA B.C. ; VEGA-CANTÚ, YADIRA I. ; ALVES-JR, SEVERINO ; GALEMBECK, André	A2	
artigoEmPeriodico	 	2020	2359-5736	http://dx.doi.org/10.9732/P.0034-7191.2020V120P369	O enfrentamento às decisões da corte in- teramericana de direitos humanos por cortes supremas nacionais	Revista Brasileira de Estudos Políticos	LEITE, R. A. ; GAMA NETO, RICARDO BORGES	Qualis nao identificado	Revista Brasileira de Estudos Políticos
artigoEmPeriodico	 	2020	0257-8972	http://dx.doi.org/10.1016/j.surfcoat.2020.126005	Soapstone reinforced hydroxyapatite coatings for biomedical applications	SURFACE & COATINGS TECHNOLOGY	MOREIRA MOTA, LAUREANA ; NILSON NUNES NICOMEDES, DANIEL ; MOREIRA BARBOZA, ANA PAULA ; LIMA DE MORAES RAMOS, SÉRGIO LUÍS ; VASCONCELLOS, REBECCA ; VIEIRA MEDRADO, NATHANAEL ; COSTA DE ALVARENGA, ÉRIKA ; Machado, Giovanna ; R.C. JUSTE, KARYNE ; DE VASCONCELOS, CLÁUDIA KARINA ; RIGHI, ARIETE ; MATTE MANHABOSCO, SARA ; RIBEIRO RESENDE, RODRIGO ; CAMPOS BATISTA, RONALDO JUNIO ; DOS SANTOS SOARES, JAQUELINE ; MATTE MANHABOSCO, TAÍSE	A2	
artigoEmPeriodico	 	2020	1807-8664	http://dx.doi.org/10.4025/actascitechnol.v43i1.49807	Robust regression analysis for the relationship between welding parameters and microhardness of 410 NiMo martensitic steel deposits on SAE 1020 steel	ACTA SCIENTIARUM. TECHNOLOGY (ONLINE)	MORENO, J. R. S. ; CORREA, C. A. ; LIZZI, E. A. S. ; OLIVIO, E. F. T. ; OLIVIO FILHO, P. S. ; SILVA, A. C. S. ; SANTOS, T. F. A.	B2	
artigoEmPeriodico	 	2020	2452-0748	http://dx.doi.org/10.1016/j.impact.2020.100246	ZnO nanoparticles impact on the photosynthetic activity of Vicia faba: Effect of particle size and concentration	NanoImpact	PEDRUZZI, DANIELLE P. ; ARAUJO, LEANDRO O. ; FALCO, WILLIAM F. ; Machado, Giovanna ; CASAGRANDE, GLEISON A. ; COLBECK, IAN ; LAWSON, TRACY ; OLIVEIRA, SAMUEL L. ; CAIRES, ANDERSON R.L.	Qualis nao identificado	NanoImpact
artigoEmPeriodico	 	2020	1350-4177	http://dx.doi.org/10.1016/j.ultsonch.2020.105275	Ultrasound irradiation effect on morphological and adsorptive properties of a nanoscale 3D Zn-coordination polymer and derived oxide	ULTRASONICS SONOCHEMISTRY	PEREIRA, LYARA FERREIRA ; DE OLIVEIRA FRÓS, ALLANA CHRISTINA ; MANOSSO AMORIM, MILENA KOWALCZUK ; HALLWASS, FERNANDO ; ALMEIDA, LUCIANO COSTA ; BARROS, BRÁULIO SILVA ; KULESZA, JOANNA	A1	
artigoEmPeriodico	 	2020	0255-2701	http://dx.doi.org/10.1016/j.cep.2019.107792	Residue-based TiO2/PET photocatalytic films for the degradation of textile dyes: A step in the development of green monolith reactors	CHEMICAL ENGINEERING AND PROCESSING	RIBEIRO, LÍVIA N. ; FONSECA, ALINE C.S. ; DA SILVA, EMERSON F.M. ; OLIVEIRA, EVELLE D.C. ; RIBEIRO, ANDRÉ T.S. ; MARANHÃO, LAISSE C.A. ; PACHECO, JOSE G.A. ; Machado, Giovanna ; ALMEIDA, LUCIANO C.	A2	
artigoEmPeriodico	 	2020	2176-7270		INFLUÊNCIA DE NANOPARTÍCULAS BIMETÁLICAS DE PRATA E OURO SOBRE PENTÓXIDO DE TÂNTALO NA FOTOGERAÇÃO DE HIDROGÊNIO	REVISTA DE ENGENHARIA E TECNOLOGIA	SANTO, R. K. ; SALES, L. B. V. ; FRANCO, Noélia ; SILVA, I. S. E. ; G. Machado	B4	
artigoEmPeriodico	 	2020	0022-2860	http://dx.doi.org/10.1016/j.molstruc.2020.127829	Photophysical studies of coordination polymers and composites based on heterometallic lanthanide succinate	JOURNAL OF MOLECULAR STRUCTURE	SANTOS, GUILHERME C. ; DE OLIVEIRA, CARLOS A.F. ; DA SILVA, FAUSTHON F. ; Alves, Severino	B1	JOURNAL OF MOLECULAR STRUCTURE (PRINT)
artigoEmPeriodico	 	2020	1089-5639	http://dx.doi.org/10.1021/acs.jpca.0c05065	Lanthanide Contraction in Lanthanide Organic Frameworks: a Theoretical and Experimental Study	JOURNAL OF PHYSICAL CHEMISTRY A	SILVA, GUSTAVO SANTANA ; Dutra, José Diogo Lisboa ; DA COSTA, NIVAN BEZERRA ; Alves Jr., Severino ; FREIRE, Ricardo Oliveira	A1	JOURNAL OF PHYSICAL CHEMISTRY. C
artigoEmPeriodico	 	2020	0167-577X	http://dx.doi.org/10.1016/j.matlet.2020.128975	Perovskite CoTiO3/TiO2 hybrid nanotubes synthesis via pulsed anodization for photoelectrochemical application	MATERIALS LETTERS	SOARES, THIAGO A.S. ; VELÁSQUEZ, DANILO A.P. ; VITALINO GONÇALVES, RENATO ; DE ANDRADE, ANTÔNIO M.H. ; KHAN, SHERDIL ; Machado, Giovanna	A2	
artigoEmPeriodico	 	2020	2576-6422	http://dx.doi.org/10.1021/acsabm.0c00107	Luminescent Marker for GSR: Evaluation of the Acute Oral and Inhalation Toxicity of the MOF [Eu(DPA)(HDPA)]	ACS Applied Bio Materials	TALHARI, ANDRÉ L. R. ; LUCENA, MARCELLA A. M. ; MAURICIO, FILIPE G. M. ; OLIVEIRA, MARINA F. L. ; VEIGA-SOUZA, FABIANE H. ; JUNIOR, SEVERINO ALVES ; Weber, Ingrid T.	Qualis nao identificado	ACS Applied Bio Materials
artigoEmPeriodico	 	2020	2574-0970	http://dx.doi.org/10.1021/acsanm.0c01427	Lu-Labeled Eu-Doped Mesoporous SiO Nanoparticles as a Theranostic Radiopharmaceutical for Colorectal Cancer Therapy	ACS Applied Nano Materials	VIANA, RODRIGO DA SILVA ; COSTA, LUCIANA AMARAL DE MASCENA ; HARMON, ASHLYN ; ADRIÃO FILHO, MANOEL ADRIAO GOMES ; FALCÃO, EDUARDO HENRIQUE LAGO ; VICENTE, M. GRAÇA HENRIQUES ; Júnior, Severino Alves ; MATHIS, J. MICHAEL	Qualis nao identificado	ACS Applied Nano Materials
artigoEmPeriodico	 	2020	2349-6495	http://dx.doi.org/10.22161/ijaers.78.15	The correct choice among welding wires ER70S- 2, ER70S-3 and ER70S-6, according to the oxidation level of base metal	INTERNATIONAL JOURNAL OF ADVANCED ENGINEERING RESEARCH AND SCIENCE	VICENTE, A. A. ; D?SILVA, P. A. ; BABU, R. ; DOS SANTOS, I. L. ; AGUIAR, R. R. ; SANTOS, T. F. A.	B4	
artigoEmPeriodico	 	2020	2349-6495	http://dx.doi.org/10.22161/ijaers.710.11	Study on the effect of ferrite number on impact toughness of austenitic stainless steels at low temperatures	INTERNATIONAL JOURNAL OF ADVANCED ENGINEERING RESEARCH AND SCIENCE	VICENTE, ANDRÉ DE ALBUQUERQUE ; D'SILVA, PETER ALOYSIUS ; JOS, BOBBY ; SANTOS, TIAGO FELIPE DE ABREU ; TENÓRIO, JORGE ALBERTO SOARES	B4	
artigoEmPeriodico	 	2020	2349-6495	http://dx.doi.org/10.22161/ijaers.711.34	Study on the effect of nitrogen content and cooling rate on the ferrite number of austenitic stainless steels	INTERNATIONAL JOURNAL OF ADVANCED ENGINEERING RESEARCH AND SCIENCE	VICENTE, ANDRÉ DE ALBUQUERQUE ; D'SILVA, PETER ALOYSIUS ; SADANANDAN, SIBI ; SANTOS, TIAGO FELIPE DE ABREU ; TENÓRIO, JORGE ALBERTO SOARES	B4	
artigoEmPeriodico	 	2020	2349-6495	http://dx.doi.org/10.22161/ijaers.77.37	The effect of shielding gases in the Ferrite Number of austenitic stainless steels joints through GMAW	INTERNATIONAL JOURNAL OF ADVANCED ENGINEERING RESEARCH AND SCIENCE	VICENTE, ANDRÉ DE ALBUQUERQUE ; D'SILVA, PETER ALOYSIUS ; SANTOS, ITALO LEONARDO DOS ; AGUIAR, RENATO RODRIGUES DE ; BOTELHO JUNIOR, AMILTON BARBOSA ; SANTOS, TIAGO FELIPE DE ABREU	B4	
artigoEmPeriodico	 	2020	2249-4618	http://dx.doi.org/10.17406/GJMRA	Copaíba Oral Hydrogel for Oral Mucositis Control	Global Journal of Medical Research - J Dentistry & Otolaryngology	VIDAL, A. K. L. ; Souza, MLM ; MACEDO, T. S. ; MELO, M. C. F. ; OLIVEIRA, J. C ; ARAUJO, M. G. C. ; DE MELO JÚNIOR, BARTOLOMEU CAVALCANTI ; DE MATOS, FÁTIMA CRISTINA MENDES ; CAMPOS, TA ; BARUD, HERNANE DA SILVA ; G. Machado ; Viana de Melo, J. ; Cassilhas, APP ; SILVA, T. G	Qualis nao identificado	Global Journal of Medical Research - J Dentistry & Otolaryngology
artigoEmPeriodico	 	2020	0954-4062	http://dx.doi.org/10.1177/0954406220957053	Influence of welding gases and filler metals on hybrid laser-GMAW and Laser-FCAW welds	PROCEEDINGS OF THE INSTITUTION OF MECHANICAL ENGINEERS PART C-JOURNAL OF MECHANICAL ENGINEERING SCIENCE	WALLERSTEIN, D ; VAAMONDE, E ; PRADA, A ; TORRES, EA ; URTIGA FILHO, SL ; SANTOS, TFA	B1	PROCEEDINGS OF THE INSTITUTION OF MECHANICAL ENGINEERS. PART C, JOURNAL OF MECHANICAL ENGINEERING SCIENCE
artigoEmPeriodico	 	2020	1071-7544	http://dx.doi.org/10.1080/10717544.2020.1837296	Radioactive polymeric nanoparticles for biomedical application	DRUG DELIVERY	WU, SHENTIAN ; HELAL-NETO, EDWARD ; MATOS, ANA PAULA DOS SANTOS ; JAFARI, AMIR ; KOZEMPEL, JÁN ; SILVA, YURI JOSÉ DE ALBUQUERQUE ; SERRANO-LARREA, CAROLINA ; ALVES JUNIOR, SEVERINO ; RICCI-JUNIOR, EDUARDO ; ALEXIS, FRANK ; SANTOS-OLIVEIRA, RALPH	Qualis nao identificado	DRUG DELIVERY
artigoEmPeriodico	 	2019	1073-5623	http://dx.doi.org/10.1007/s11661-019-05293-y	Predominant Solidification Modes of 316 Austenitic Stainless Steel Coatings Deposited by Laser Cladding on 304 Stainless Steel Substrates	METALLURGICAL AND MATERIALS TRANSACTIONS A-PHYSICAL METALLURGY AND MATERIALS SCIENCE	APOLINARIO, L. H. R. ; WALLERSTEIN, D. ; MONTEALEGRE, M. A. ; URTIGA FILHO, S. L. ; TORRES, E. A. ; HERMENEGILDO, T. F. C. ; SANTOS, T. F. A.	A2	METALLURGICAL AND MATERIALS TRANSACTIONS. A, PHYSICAL METALLURGY AND MATERIALS SCIENCE
artigoEmPeriodico	 	2019	1526-6125	http://dx.doi.org/10.1016/j.jmapro.2019.05.040	Analysis of the surface roughness and cutting tool wear using a vapor compression assisted cooling system to cool the cutting fluid in turning operation	Journal of Manufacturing Processes	ARAÚJO, ROGÉRIO PONTES ; ROLIM, TIAGO L ; OLIVEIRA, CARLOS A ; MOURA, ALEX E ; SILVA, JOSÉ CARLOS A	B1	JOURNAL OF MANUFACTURING PROCESSES
artigoEmPeriodico	 	2019	1678-4553	http://dx.doi.org/10.1590/0366-69132019653752683	Chemical conversion of a solid body of the composite gypsum/polyhydroxybutyrate in hydroxyapatite/polyhydroxybutyrate	CERÂMICA	BARBOSA, A. A. ; A. JÚNIOR, S. ; DANTAS, A. C. S. ; FERRAZ, A. V.	B3	
artigoEmPeriodico	 	2019	0884-2914	http://dx.doi.org/10.1557/jmr.2019.139	Study of a luminescent and antibacterial biomaterial based on hydroxyapatite as support for an antineoplastic drug	JOURNAL OF MATERIALS RESEARCH	BARBOSA, AMANDA ALVES ; Júnior, Severino Alves ; DE VASCONCELOS FERRAZ, ANDRÉA	B1	
artigoEmPeriodico	 	2019	0103-5053	http://dx.doi.org/10.21577/0103-5053.20190240	Residue-Based CaO Heterogeneous Catalysts from Crab and Mollusk Shells for FAME Production Via Transesterification	JOURNAL OF THE BRAZILIAN CHEMICAL SOCIETY	CARDOSO, CLAUDIA CRISTINA ; CAVALCANTI, ALEXSANDRO ; SILVA, RICARDO ; ALVES JUNIOR, SEVERINO ; DE SOUSA, FABIANA ; PASA, VÂNYA MARCIA ; ARIAS, SANTIAGO ; PACHECO, JOSE	B1	
artigoEmPeriodico	 	2019	1980-5373	http://dx.doi.org/10.1590/1980-5373-mr-2019-0301	Interrelation Among Morphology, Mechanical Properties and Oxidation Behavior of NbxAlyNz Thin Films	MATERIALS RESEARCH	CARVALHO, RENATA GOMES ; FERNANDEZ, DANIEL ANGEL RAMIREZ ; SOARES, VAGNER FONTES DÓRIA ; CUNHA, FREDERICO GUILHERME CARVALHO ; MENDES, FABIANA MAGALHÃES TEIXEIRA ; HÜBLER, ROBERTO ; Machado, Giovanna ; TENTARDINI, EDUARDO KIRINUS	B1	
artigoEmPeriodico	 	2019	1388-0764	http://dx.doi.org/10.1007/s11051-018-4422-0	Surface modification strategy based on the conjugation of NaYF4:5%Eu luminescent nanoprobe with organic aromatic compounds for application in bioimaging assays	JOURNAL OF NANOPARTICLE RESEARCH	DA SILVA VIANA, RODRIGO ; DE MASCENA COSTA, LUCIANA AMARAL ; LEAL, ANDRESSA N. R. ; WILLIAMS, TYRSLAI M. ; LUAN, LIQUIAN ; ZHANG, GUANYU ; WANG, MAODIE ; HARMON, ASHLYN C. ; DOS ANJOS, JANAINA V. ; CUETO, RAFAEL ; FILHO, MANOEL ADRIÃO GOMES ; FALCÃO, EDUARDO H. L. ; VICENTE, MARIA G. H. ; Junior, Severino A. ; MATHIS, J. MICHAEL	B1	
artigoEmPeriodico	 	2019	0257-8972	http://dx.doi.org/10.1016/j.surfcoat.2019.04.040	Effect of initial surface treatment on obtaining a superhydrophobic surface on 5052 aluminum alloy with enhanced anticorrosion properties	SURFACE & COATINGS TECHNOLOGY	DA SILVA, RAFAEL G.C. ; VIEIRA, MAGDA R.S. ; MALTA, MARIA I.C. ; DA SILVA, CARLOS H. ; DE OLIVEIRA, SARA H. ; FILHO, SEVERINO L.U.	A2	
artigoEmPeriodico	 	2019	0022-4596	http://dx.doi.org/10.1016/j.jssc.2019.05.008	Design of new europium-doped luminescent MOFs for UV radiation dosimetric sensing	JOURNAL OF SOLID STATE CHEMISTRY	DE ASSIS, SUELLE G.F. ; SANTOS, GUILHERME C. ; SANTOS, ARTHUR B.S. ; FALCÃO, EDUARDO H.L. ; DA SILVA VIANA, RODRIGO ; JUNIOR, SEVERINO ALVES	Qualis nao identificado	JOURNAL OF SOLID STATE CHEMISTRY
artigoEmPeriodico	 	2019	0032-3861	http://dx.doi.org/10.1016/j.polymer.2019.121767	Fine tuning of polymer content for enhanced structure and luminescent properties of Eu3+:siloxane-poly(methyl methacrylate) hybrids to be applied in photonics	POLYMER	DE JESUS, FILIPE AUGUSTO ; SANTANA, BARBARA VASCONCELOS ; CUNHA BISPO, GIORDANO FREDERICO ; DA SILVA FILHO, CÍCERO INÁCIO ; Júnior, Severino Alves ; GIROLDO VALERIO, MÁRIO ERNESTO ; ALMEIDA CAIUT, JOSÉ MAURÍCIO ; VITORINO SARMENTO, VICTOR HUGO	A1	
artigoEmPeriodico	 	2019	1144-0546	http://dx.doi.org/10.1039/c8nj06420b	Rapid and efficient electrochemical synthesis of a zinc-based nano-MOF for Ibuprofen adsorption	NEW JOURNAL OF CHEMISTRY	DE LIMA NETO, OTÁVIO JOSÉ ; FRÓS, ALLANA CHRISTINA DE OLIVEIRA ; BARROS, BRÁULIO SILVA ; DE FARIAS MONTEIRO, ARTHUR FELIPE ; KULESZA, JOANNA	A2	NEW JOURNAL OF CHEMISTRY (1987)
artigoEmPeriodico	 	2019	0020-1693	http://dx.doi.org/10.1016/j.ica.2019.04.031	Selective adsorption of BTEX on calixarene-based molecular coordination network determined by 13C NMR spectroscopy	INORGANICA CHIMICA ACTA	DE OLIVEIRA FRÓS, ALLANA CHRISTINA ; DE OLIVEIRA, MARIA ALAIDE ; MACÊDO SOARES, ANTONIA ALICE ; HALLWASS, Fernando ; CHOJNACKI, JAROSLAW ; BARROS, BRÁULIO SILVA ; Júnior, Severino Alves ; Kulesza, Joanna	Qualis nao identificado	INORGANICA CHIMICA ACTA
artigoEmPeriodico	 	2019	1980-5373	http://dx.doi.org/10.1590/1980-5373-mr-2019-0386	Effects of Geometrical Feature on Microstructures and Mechanical Properties of Refill Friction Stir Spot Welding 6061 Aluminum Alloy	MATERIALS RESEARCH	FERNANDES, CAMILA ALBUQUERQUE ; URTIGA FILHO, SEVERINO LEOPOLDINO ; SUHUDDIN, UCEU ; SANTOS, JORGE FERNANDEZ DOS	B1	
artigoEmPeriodico	 	2019	1980-5373	http://dx.doi.org/10.1590/1980-5373-mr-2019-0176	Corrosive Behavior of ASTM A131 Grade A36 Carbon Steel Exposed in Diesel S10/ Saline Water	MATERIALS RESEARCH	FRAZÃO, DIANA MAGALHÃES ; Melo, Ivanilda Ramos de ; VIEIRA, MAGDA ROSÂNGELA SANTOS ; URTIGA FILHO, SEVERINO LEOPOLDINO	B1	
artigoEmPeriodico	 	2019	0103-5053	http://dx.doi.org/10.21577/0103-5053.20190176	Nanostructured Systems Obtention Using LbL Self-Assembly or the Cysteine-Assisted Adsorption Method and Their Application as a Water Splitting Single Catalyst	JOURNAL OF THE BRAZILIAN CHEMICAL SOCIETY	GALVÃO, RHAUANE ; BARRETO, PALOMA ; SOARES, THIAGO ; SALES, LETÍCIA ; DOS SANTOS, JEICE ; DE SANTA-CRUZ, LARISSA ; SEEGER, TASSIA ; DUARTE, FABIO ; SILVA, GERMANA ; Machado, Giovanna	B1	
artigoEmPeriodico	 	2019	0884-2914	http://dx.doi.org/10.1557/jmr.2019.23	Electrochemical single-step obtention and characterization of a biomimetic TiO 2</sub> -HA NTs covered by chitosan	JOURNAL OF MATERIALS RESEARCH	GALVÃO, RHAUANE ALMEIDA ; SANTA-CRUZ, LARISSA AGOSTINHO DE ; BARRETO, PALOMA BANTIM ; HORTA, MARLA KAROLYNE DOS SANTOS ; ANDRADE, ANTONIO MARCOS HELGUEIRA DE ; MOURA, FRANCISCO JOSÉ ; AGUILAR, MARILZA SAMPAIO ; PERIPOLLI, SUZANA BOTTEGA ; CAMPOS, JOSÉ BRANT DE ; ARRUDA, ISABEL RENATA DE SOUZA ; Machado, Giovanna	B1	
artigoEmPeriodico	 	2019	1678-4588	http://dx.doi.org/10.1590/001152582019180	Resultado Primário e Ciclo Político-Eleitoral nos Estados Brasileiros (1987-2010)	DADOS - REVISTA DE CIÊNCIAS SOCIAIS	GAMA NETO, RICARDO BORGES	Qualis nao identificado	DADOS - REVISTA DE CIÊNCIAS SOCIAIS
artigoEmPeriodico	 	2019	1144-0546	http://dx.doi.org/10.1039/c9nj02046b	Synthesis and characterisation of [Cu4In(PPh3)3SePh(μ-SePh)3(μ3-SePh)3], and its application as a precursor of a sensitizer for a photocatalyst	NEW JOURNAL OF CHEMISTRY	LANG, ERNESTO ; MELLO, MELINA DE AZEVEDO ; RODRIGUES, JÉSSICA FONSECA ; SALGUEIRO SOARES, THIAGO ANDRÉ ; E SILVA, GERMANA MICHELLE DE MEDEIROS ; PIQUINI, PAULO ; Machado, Giovanna ; TIRLONI, BÁRBARA	A2	NEW JOURNAL OF CHEMISTRY (1987)
artigoEmPeriodico	 	2019	1980-7791	http://dx.doi.org/10.14210/rdp.v14n1.p179-206	O RECURSO POR INCUMPRIMENTO PERANTE O TRIBUNAL EUROPEU DE DIREITOS HUMANOS: UM REFORÇO JURÍDICO AO MECANISMO POLÍTICO DE SUPERVISÃO DE SENTENÇAS	REVISTA ELETRÔNICA DIREITO E POLÍTICA	LEITE, R. A. ; GAMA NETO, R. B.	Qualis nao identificado	REVISTA ELETRÔNICA DIREITO E POLÍTICA
artigoEmPeriodico	 	2019	0925-3467	http://dx.doi.org/10.1016/j.optmat.2019.109332	Tb3+/Pr3+ co-doped ZnMoO4 phosphor with tunable photoluminescence and energy transfer processes	OPTICAL MATERIALS	LOVISA, L.X. ; FERNANDES, Y.L.R.L. ; GARCIA, L.M.P. ; BARROS, B.S. ; Longo, E. ; PASKOCIMAS, C.A. ; BOMIO, M.R.D. ; MOTTA, F.V.	A2	
artigoEmPeriodico	 	2019	0921-5107	http://dx.doi.org/10.1016/j.mseb.2019.03.019	Self-assembly of polyhedral oligomeric silsesquioxane structures through ion exchange	Materials Science and Engineering B-Advanced Functional Solid-State Materials	LUVISON, C. ; WANKE, C. H. ; MOURA, S. ; G. Machado ; FARIAS, M. C. M. ; Bianchi, O	A2	
artigoEmPeriodico	 	2019	1980-5373	http://dx.doi.org/10.1590/1980-5373-mr-2018-0882	Superhydrophobic Surfaces on 5052 Aluminum Alloy Obtained from LDH Film Modified with Stearic Acid for Enhanced Corrosion Protection	MATERIALS RESEARCH	MALTA, MARIA ISABEL COLLASIUS ; VIEIRA, MAGDA ROSÂNGELA SANTOS ; SILVA, RAFAEL GLEYMIR CASANOVA DA ; SILVA, LEONARDO MENDONÇA CARNEIRO DA ; ARAÚJO, EDVAL GONÇALVES DE ; MACIEL, SARA HORÁCIO DE OLIVEIRA ; URTIGA FILHO, SEVERINO LEOPOLDINO	B1	
artigoEmPeriodico	 	2019	1980-5373	http://dx.doi.org/10.1590/1980-5373-mr-2018-0877	Evaluation of Abrasive Wear in UNS S32101 and S32750 Duplex Stainless Steels Submitted to Friction Stir Processing	MATERIALS RESEARCH	MARQUES, IGOR J. ; SILVA, F. J. ; FRANCA, T. S. ; SOUSA, G. G. ; HERMENEGILDO, T.F.C. ; SANTOS, T. F. A.	B1	
artigoEmPeriodico	 	2019	0925-8388	http://dx.doi.org/10.1016/j.jallcom.2019.153170	Rapid precipitation of intermetallic phases during isothermal treatment of duplex stainless steel joints produced by friction stir welding	JOURNAL OF ALLOYS AND COMPOUNDS	MARQUES, IGOR J. ; SILVA, FLAVIO J. ; SANTOS, TIAGO F.A.	A2	
artigoEmPeriodico	 	2019	1678-2690	http://dx.doi.org/10.1590/0001-3765201920190082	Hydrogen production from aqueous glycerol using titanate nanotubes decorated with Au nanoparticles as photocatalysts	ANAIS DA ACADEMIA BRASILEIRA DE CIÊNCIAS (ONLINE)	MARQUES, THALLES M.F. ; MORAIS, REINALDO N. ; NOBRE, FRANCISCO X. ; ROCHA, JARDEL M. ; GHOSH, ANUPAMA ; SOARES, THIAGO ANDRÉ S. ; VIANA, BARTOLOMEU C. ; Machado, Giovanna ; COSTA, JEAN CLAUDIO S. ; MATOS, JOSÉ M.E. DE	B1	
artigoEmPeriodico	 	2019	0026-265X	http://dx.doi.org/10.1016/j.microc.2019.104037	Luminescent sensors for nitroaromatic compound detection: Investigation of mechanism and evaluation of suitability of using in screening test in forensics	MICROCHEMICAL JOURNAL	MAURICIO, FILIPE GABRIEL MARTINEZ ; SILVA, JOSÉ YAGO RODRIGUES ; TALHAVINI, MÁRCIO ; Júnior, Severino Alves ; WEBER, INGRID TÁVORA	A2	MICROCHEMICAL JOURNAL (PRINT)
artigoEmPeriodico	 	2019	2230-8407		OPTICAL PROPERTIES PYRIMIDINE DERIVATIVES: EFFECT OF ELECTRON-DONOR/ACCEPTOR SUBSTITUENTS IN MOLECULAR TOPOLOGY	International research journal of pharmacy	MONTE, Z. S. ; LUZ, L. L. ; MAURICIO, FILIPE GABRIEL MARTINEZ ; WEBER, I. T. ; Silva R. O. ; JUNIOR, S. ALVES ; FALCAO, E. P. S. ; MELO, S. J.	Qualis nao identificado	International research journal of pharmacy
artigoEmPeriodico	 	2019	2320-0294		QUALITY CONTROL IN THE MEASUREMENT OF PARAMETERS OF ELECTRICAL CONNECTIONS ACCORDING TO BRAZILIAN STANDARD	International Journal of Engineering, Science and Mathematics	OLIVEIRA, C.A.N.; ARAUJO, R. P. ; ROLIM, T. L. ; GUIMARÃES, P. B. ; Oliveira, José Eduardo ; BANDEIRA, J. M. ; GUEDES, G. S.	B5	JOURNAL OF ENGINEERING
artigoEmPeriodico	 	2019	1980-5373	http://dx.doi.org/10.1590/1980-5373-mr-2019-0525	Evaluation of Microbiological Corrosion of API 5L X80 Steel by Electrochemical Techniques in Produced Water by the Oil Industry	MATERIALS RESEARCH	OLIVEIRA, EDKARLLA SOUSA DANTAS DE ; PEREIRA, ROSEANA FLORENTINO DA COSTA ; LIMA, MARIA ALICE GOMES DE ANDRADE ; URTIGA FILHO, SEVERINO LEOPOLDINO	B1	
artigoEmPeriodico	 	2019	1980-5373	http://dx.doi.org/10.1590/1980-5373-mr-2018-0786	Study of the Plastic Deformation of API 5L X80 Steel Exposed to the Microbiological Action of Produced Water	MATERIALS RESEARCH	OLIVEIRA, EDKARLLA SOUSA DANTAS DE ; PEREIRA, ROSEANA FLORENTINO DA COSTA ; MONTOYA, MAXIME ; LIMA, MARIA ALICE GOMES DE ANDRADE ; URTIGA FILHO, SEVERINO LEOPOLDINO	B1	
artigoEmPeriodico	 	2019	1678-5169	http://dx.doi.org/10.1590/0104-1428.04018	Gamma irradiation effects on polycaprolactone/zinc oxide nanocomposite films	Polímeros: ciência e Tecnologia	PAULA, MARCOS ; DIEGO, IVO ; DIONISIO, RONALDO ; VINHAS, GLÓRIA ; Alves, Severino	B2	
artigoEmPeriodico	 	2019	1517-7076	http://dx.doi.org/10.1590/s1517-707620190001.0658	Performance evaluation of NiCo2O4 spinel as a catalyst for partial oxidation of methane	Materia-Rio de Janeiro	PERES, ANA PAULA DA SILVA ; LIMA, ANDRÉIA CAVALCANTE DE ; BARROS, Bráulio Silva ; RUIZ, JUAN ALBERTO CHAVEZ ; MELO, Dulce Maria de Araújo	B2	
artigoEmPeriodico	 	2019	0022-2313	http://dx.doi.org/10.1016/j.jlumin.2019.01.007	Photostable soft materials with tunable emission based on sultone functionalized ionic liquid and lanthanides ions	JOURNAL OF LUMINESCENCE	RAMOS, TALITA J.S. ; BERTON, GUILHERME H. ; Júnior, Severino A. ; CASSOL, TANIA M.	A2	
artigoEmPeriodico	 	2019	2045-2322	http://dx.doi.org/10.1038/s41598-019-43835-x	Photoluminescent organisms: how to make fungi glow through biointegration with lanthanide metal-organic frameworks	Scientific Reports	ROSÁRIO, JEFERSON ; DA LUZ, LEONIS L. ; GERIS, REGINA ; RAMALHO, JÉSSICA G. S. ; DA SILVA, ANTÔNIO F. ; Júnior, Severino Alves ; MALTA, MARCOS	A1	SCIENTIFIC REPORTS
artigoEmPeriodico	 	2019	1674-4799	http://dx.doi.org/10.1007/s12613-019-1790-0	Effect of high anodic polarization on the passive layer properties of superduplex stainless steel friction stir welds at different chloride electrolyte pH values and temperatures	International Journal of Minerals Metallurgy and Materials	SANTA-CRUZ, L. A. ; MACHADO, G. ; VICENTE, A. A. ; HERMENEGILDO, T. F. C. ; SANTOS, T. F. A.	Qualis nao identificado	International Journal of Minerals Metallurgy and Materials
artigoEmPeriodico	 	2019	2192-9262	http://dx.doi.org/10.1007/s13632-018-0506-6	Corrosion Evaluation of Duplex and Superduplex Stainless Steel Friction Stir Welds Using Potentiodynamic Measurements and Immersion Tests in Chloride Environments	METALLOGRAPHY, MICROSTRUCTURE, AND ANALYSIS (PRINT)	SANTA CRUZ, LARISSA A. ; MARQUES, IGOR J. ; URTIGA FILHO, SEVERINO L. ; HERMENEGILDO, TAHIANA F. C. ; SANTOS, TIAGO F. A.	B3	
artigoEmPeriodico	 	2019	1517-7076	http://dx.doi.org/10.1590/s1517-707620190001.0640	Influência da adição de Sn na resistência à corrosão e na capacidade de recarga da liga Pb-1,5%Sn para grade positiva de baterias chumbo-ácido	Materia-Rio de Janeiro	SANTOS, ABDIAS GOMES DOS ; VIEIRA, MAGDA ROSÂNGELA SANTOS ; URTIGA FILHO, SEVERINO LEOPOLDINO ; SILVA, Flávio José da	B2	
artigoEmPeriodico	 	2019	0048-9697	http://dx.doi.org/10.1016/j.scitotenv.2018.12.444	Cytotoxic and genotoxic effects of silver nanoparticles on meristematic cells of Allium cepa roots: A close analysis of particle size dependence	SCIENCE OF THE TOTAL ENVIRONMENT	SCHERER, MARISA D. ; SPOSITO, JULIANA C.V. ; FALCO, WILLIAM F. ; GRISOLIA, ALEXEIA B. ; ANDRADE, LUIS H.C. ; LIMA, SANDRO M. ; Machado, Giovanna ; NASCIMENTO, VALTER A. ; GONÇALVES, DANIEL A. ; WENDER, HEBERTON ; OLIVEIRA, SAMUEL L. ; CAIRES, ANDERSON R.L.	A1	
artigoEmPeriodico	 	2019	0957-4484	http://dx.doi.org/10.1088/1361-6528/aaf17e	New strategy to obtain high surface area anatase nanotube/AuNP photocatalyst	NANOTECHNOLOGY	SCHNEID, ANDRESSA C ; QUEVEDO, ANTONIO B ; PEREIRA, MARCELO B ; ARAÚJO, PEDRO F ; FRANCO, NOELIA ; Machado, Giovanna ; MORO, CELSO C ; DE MENEZES, ELIANA W ; COSTA, TANIA M H ; BENVENUTTI, EDILSON V	Qualis nao identificado	NANOTECHNOLOGY
artigoEmPeriodico	 	2019	0254-0584	http://dx.doi.org/10.1016/j.matchemphys.2019.121737	Coordination polymer-derived CuO catalysts for oxidative degradation of methylene blue	MATERIALS CHEMISTRY AND PHYSICS	SILVA JUNIOR, O.J. ; MONTEIRO, A.F.F. ; OLIVEIRA, J.B.L. ; ARAÚJO, A.M.U. ; SILVA, D.G. ; KULESZA, J. ; BARROS, B.S.	A2	
artigoEmPeriodico	 	2019	0104-9224	http://dx.doi.org/10.1590/0104-9224/si24.23	Aplicação da Metodologia para Qualificação de Procedimentos de Soldagem de Tubulações Industriais Conforme Parâmetros dos Códigos ASME B31.3 e ASME SECTION IX*	Soldagem & Inspecao	SILVA, ANA CARLA S. ; ARAÚJO, HELEN R. ; MACENA, VAGNER A. ; MORENO, JOÃO R. SARTORI ; VICENTE, ANDRÉ A. ; HERMENEGILDO, TAHIANA F. C. ; SANTOS, TIAGO F. A.	B2	
artigoEmPeriodico	 	2019	0928-4931	http://dx.doi.org/10.1016/j.msec.2019.04.078	A thermo-responsive adsorbent-heater-thermometer nanomaterial for controlled drug release: (ZIF-8,EuxTby)@AuNP core-shell	Materials Science & Engineering C-Materials for Biological Applications	SILVA, JOSÉ YAGO R. ; PROENZA, YAICEL G. ; DA LUZ, LEONIS L. ; DE SOUSA ARAÚJO, SILVANY ; FILHO, MANOEL ADRIÃO GOMES ; JUNIOR, SEVERINO ALVES ; Soares, Thereza A. ; LONGO, RICARDO L.	B1	
artigoEmPeriodico	 	2019	1047-4838	http://dx.doi.org/10.1007/s11837-019-03677-4	Comparison of Friction Surfacing Process and Coating Characteristics of Ti-6Al-4V and Ti Grade 1	JOM	VALE, NATALIA ; FITSEVA, VIKTORIA ; URTIGA FILHO, SEVERINO L. ; DOS SANTOS, JORGE F. ; HANKE, STEFANIE	Qualis nao identificado	JOM
artigoEmPeriodico	 	2019	1980-5373	http://dx.doi.org/10.1590/1980-5373-mr-2018-0888	Effects of Friction Surfacing on the Characteristics of Consumable Rods of Ti-6Al-4V	MATERIALS RESEARCH	VALE, NATALIA DO ; FITSEVA, VIKTORIA ; HANKE, STEFANIE ; URTIGA FILHO, SEVERINO LEOPOLDINO ; SANTOS, JORGE FERNANDEZ DOS	B1	
artigoEmPeriodico	 	2019	2238-7854	http://dx.doi.org/10.1016/j.jmrt.2018.11.009	Study of the high temperature oxidation and Kirkendall porosity in dissimilar welding joints between FE-CR-AL alloy and stainless steel AISI 310 after isothermal heat treatment at 1150 °C in air	Journal of Materials Research and Technology-JMR&T	VICENTE, ANDRÉ DE ALBUQUERQUE ; MORENO, JOAO ROBERTO SARTORI ; ESPINOSA, DENISE CROCCE ROMANO ; SANTOS, TIAGO FELIPE DE ABREU ; TENÓRIO, JORGE ALBERTO SOARES	B3	JOURNAL OF MATERIALS RESEARCH AND TECHNOLOGY
artigoEmPeriodico	 	2019	0925-8388	http://dx.doi.org/10.1016/j.jallcom.2018.10.136	Nucleation and growth of graphite particles in ductile cast iron	JOURNAL OF ALLOYS AND COMPOUNDS	VICENTE, ANDRÉ DE ALBUQUERQUE ; SARTORI MORENO, JOÃO ROBERTO ; SANTOS, TIAGO FELIPE DE ABREU ; ESPINOSA, DENISE CROCCE ROMANO ; TENÓRIO, JORGE ALBERTO SOARES	A2	
artigoEmPeriodico	 	2019	1517-7076	http://dx.doi.org/10.1590/s1517-707620190003.0766	Evaluation of two-step transformation in Ni-rich titanium-nickel alloys using thermal and internal friction analyses	Materia-Rio de Janeiro	VIRGOLINO, FILLIPE STEPHANY DE SOUZA ; SANTOS, TIAGO FELIPE DE ABREU ; OLIVEIRA, CARLOS AUGUSTO NASCIMENTO ; GONZALEZ, Cezar Henrique ; SOUSA, GUILHERME GADELHA DE ; VILELA, JOSÉ MÁRIO CARNEIRO ; ANDRADE, MARGARETH SPANGLER	B2	
artigoEmPeriodico	 	2019	0928-4931	http://dx.doi.org/10.1016/j.msec.2019.110194	Physicochemical characterization, released profile, and antinociceptive activity of diphenhydraminium ibuprofenate supported on mesoporous silica	Materials Science & Engineering C-Materials for Biological Applications	WUST, KELI M. ; BECK, THAÍSSA S. ; BURROW, ROBERT ; OLIVEIRA, SARA M. ; BRUM, EVELYNE S. ; BRUSCO, INDIARA ; Machado, Giovanna ; BIANCHI, OTAVIO ; VILLETTI, MARCOS A.P. ; FRIZZO, CLARISSA P.	B1	
artigoEmPeriodico	 	2018	1932-7447	http://dx.doi.org/10.1021/acs.jpcc.7b12219	Core-Shell Fe-Pt Nanoparticles in Ionic Liquids: Magnetic and Catalytic Properties	Journal of Physical Chemistry C	ADAMSKI, JANICE ; QADIR, MUHAMMAD I. ; SERNA, JILDER P. ; BERNARDI, FABIANO ; BAPTISTA, DANIEL L. ; SALLES, BENJAMIN R. ; NOVAK, MIGUEL A. ; Machado, Giovanna ; DUPONT, Jairton	A1	JOURNAL OF PHYSICAL CHEMISTRY. C
artigoEmPeriodico	 	2018	1759-9660	http://dx.doi.org/10.1039/c8ay01341a	NIR hyperspectral images for identification of gunshot residue from tagged ammunition	Analytical Methods	ALBINO DE CARVALHO, MARCELA ; TALHAVINI, MARCIO ; PIMENTEL, MARIA FERNANDA ; AMIGO, JOSÉ MANUEL ; PASQUINI, CELIO ; JUNIOR, SEVERINO ALVES ; WEBER, INGRID TÁVORA	B1	ANALYTICAL METHODS
artigoEmPeriodico	 	2018	1388-0764	http://dx.doi.org/10.1007/s11051-017-4119-9	An investigation on the preparation of nanocrystalline hydrous zirconia from zirconium tungstate	JOURNAL OF NANOPARTICLE RESEARCH	ANTUNES, M. ; PEROTTONI, C. A. ; GOUVÊA, D. ; MACHADO, G. ; ZORZI, J. E.	B1	
artigoEmPeriodico	 	2018	2365-6549	http://dx.doi.org/10.1002/slct.201801423	Metal-Organic Framework Nanocrystals	ChemistrySelect	BARROS, BRÁULIO SILVA ; DE'LIMA'NETO, OTÁVIO JOSÉ ; DE'OLIVEIRA'FRÓS, ALLANA CHRISTINA ; KULESZA, JOANNA	Qualis nao identificado	ChemistrySelect
artigoEmPeriodico	 	2018	0167-7322	http://dx.doi.org/10.1016/j.molliq.2018.08.066	Interaction of pharmaceutical ionic liquids with TiO2 in anatase and rutile phase	JOURNAL OF MOLECULAR LIQUIDS	BENDER, CAROLINE R. ; SALBEGO, PAULO R.S. ; WUST, KELI ; FARIAS, CARLA A.A. ; BECK, THAÍSSA S. ; Machado, Giovanna ; VAUCHER, RODRIGO A. ; MARTINS, MARCOS A.P. ; FRIZZO, CLARISSA P.	B1	JOURNAL OF MOLECULAR LIQUIDS (PRINT)
artigoEmPeriodico	 	2018	0008-5472	http://dx.doi.org/10.1158/1538-7445.am2018-5877	Abstract 5877: Antitumor activity of the mesoionic compound MI H 2.4 on breast cancer cell lines	CANCER RESEARCH	COSTA, LUCIANA AMARAL DE MASCENA ; LIMA, FILIPE CÁSSIO SILVA DE ; VIANA, RODRIGO DA SILVA ; ARAUJO, SILVANY DE SOUSA ; WISCHRAL, AUREA ; SOUZA, HELIVALDO DIÓGENES DA SILVA ; ATHAYDE-FILHOA, PETRÔNIO FILGUEIRAS DE ; AZEVEDO, LEANDRO ARAÚJO DE ; Júnior, Severino Alves ; ADRIÃO, MANOEL ; MATHIS, J. MICHAEL	Qualis nao identificado	CANCER RESEARCH
artigoEmPeriodico	 	2018	0360-3199	http://dx.doi.org/10.1016/j.ijhydene.2018.06.176	Hydrogen photocatalytic production from the self-assembled films of PAH/PAA/TiO2 supported on bacterial cellulose membranes	INTERNATIONAL JOURNAL OF HYDROGEN ENERGY	DAL?ACQUA, NICOLLE ; FARIA, ANA CLAUDIA RANGEL ; VEBBER, MÁRIO CÉSAR ; DA SILVA BARUD, HERNANE ; Giovanela, Marcelo ; Machado, Giovanna ; DA SILVA CRESPO, JANAINA	A2	
artigoEmPeriodico	 	2018	1144-0546	http://dx.doi.org/10.1039/c7nj04625a	Solid-state tunable photoluminescence in Gadolinium-Organic Frameworks: effect of the Eu3+ content and co-doping with Tb3+	NEW JOURNAL OF CHEMISTRY	DO NASCIMENTO, JARLEY FAGNER SILVA ; DE ARAÚJO, ANTONIO MARCOS URBANO ; KULESZA, JOANNA ELZBIETA ; DE FARIAS MONTEIRO, ARTHUR FELIPE ; Júnior, Severino Alves ; BARROS, BRÁULIO	A2	NEW JOURNAL OF CHEMISTRY (1987)
artigoEmPeriodico	 	2018	1806-3691	http://dx.doi.org/10.1007/s40430-018-1372-5	Effect of the energy input on the microstructure and mechanical behavior of AA2024-T351 joint produced by friction stir welding	JOURNAL OF THE BRAZILIAN SOCIETY OF MECHANICAL SCIENCES AND ENGINEERING (ONLINE)	DO VALE, NATÁLIA LOPES ; TORRES, EDWAR ANDRÉS ; Santos, Tiago Felipe de Abreu ; URTIGA FILHO, SEVERINO LEOPOLDINO ; DOS SANTOS, JORGE F.	B1	
artigoEmPeriodico	 	2018	1980-5373	http://dx.doi.org/10.1590/1980-5373-mr-2017-0066	Biocorrosion on Surface of ASTM A283 Carbon Steel, Exposed in Diesel S10 and Tap Water	MATERIALS RESEARCH	FRAZÃO, DIANA MAGALHÃES ; Melo, Ivanilda Ramos de ; MONTOYA, MAXIME ; Urtiga Filho, Severino Leopoldino	B1	
artigoEmPeriodico	 	2018	2574-0962	http://dx.doi.org/10.1021/acsaem.8b00375	Enhanced Visible-Light Photoelectrochemical Conversion on TiO 2</sub> Nanotubes with Bi 2</sub> S 3</sub> Quantum Dots Obtained by in Situ Electrochemical Method	ACS Applied Energy Materials	FREITAS, DENILSON V. ; GONZÁLEZ-MOYA, JOHAN R. ; SOARES, THIAGO A. S. ; SILVA, RICHARDSON R. ; OLIVEIRA, DYEGO M. ; MANSUR, HERMAN S. ; Machado, Giovanna ; NAVARRO, MARCELO	Qualis nao identificado	ACS Applied Energy Materials
artigoEmPeriodico	 	2018	2452-3216	http://dx.doi.org/10.1016/j.prostr.2018.12.019	Simulated running ductile fracture experiment using rubber tube	Procedia Structural Integrity	FURUTA, YASUYUKI ; NISHIZONO, YUKI ; AIHARA, SHUJI ; YANAGIMOTO, FUMINORI ; KAWABATA, TOMOYA ; SHIBANUMA, KAZUKI ; Oliveira, Carlos A. ; SHINOHARA, ARMANDO H.	Qualis nao identificado	Procedia Structural Integrity
artigoEmPeriodico	 	2018	2238-6912	http://dx.doi.org/10.22456/2238-6912.87991	RÚSSIA, CHINA E A COREIA DO SUL NO MERCADO DE DEFESA SUL-AMERICANO	Austral: Brazilian Journal of Strategy & International Relations	GAMA NETO, R. B	Qualis nao identificado	Austral: Brazilian Journal of Strategy & International Relations
artigoEmPeriodico	 	2018	1981-8963	http://dx.doi.org/10.5205/1981-8963-v12i4a234869p1122-1132-2018	CHITOSAN, ZINC OXIDE AND PINK PEPPER ESSENTIAL OIL: POTENTIAL PROPERTIES AND APPLICATIONS	Revista de Enfermagem UFPE on line	GARCIA, S. M. S. ; ANDRADE, M. F. ; SILVA, I. D. L. ; Vasconcelos, Iane. B. ; ALVES-JÚNIOR, S ; ARAUJO, E. C. ; ALMEIDA, Y. M. B. ; VINHAS, G. M.	B4	REVISTA DE ENFERMAGEM UFPE ON LINE
artigoEmPeriodico	 	2018	1984-9710		Nanobiocompósito de quitosana e nanowhiskers de celulose sob forma de hidrogel para curativo	CIENTEC: Revista de ciência,tecnologia e humanidades do IFPE	GARCIA, S. M. S. ; GOIAS, G. S. ; SILVA, M. F. ; SILVA, I. D. L. ; LIMA, J. C. C. ; Vasconcelos I.B. ; ALVES-JÚNIOR, S ; VINHAS, G. M.	B5	
artigoEmPeriodico	 	2018	1932-7447	http://dx.doi.org/10.1021/acs.jpcc.7b11822	Synthesis and Visible-Light-Driven Photocatalytic Activity of Ta 4+</sup> Self-Doped Gray Ta 2</sub> O 5</sub> Nanoparticles	Journal of Physical Chemistry C	GOMES, LUIZ E. ; DA SILVA, MARCIO F. ; GONÇALVES, RENATO V. ; Machado, Giovanna ; ALCANTARA, GLAUCIA B. ; CAIRES, ANDERSON R. L. ; WENDER, HEBERTON	A1	JOURNAL OF PHYSICAL CHEMISTRY. C
artigoEmPeriodico	 	2018	0003-9969	http://dx.doi.org/10.1016/j.archoralbio.2018.07.004	Effect of chitosan nanoparticles on the inhibition of Candida spp. biofilm on denture base surface	ARCHIVES OF ORAL BIOLOGY	GONDIM, BRENNA LOUISE CAVALCANTI ; CASTELLANO, LÚCIO ROBERTO CANÇADO ; DE CASTRO, RICARDO DIAS ; Machado, Giovanna ; CARLO, HUGO LEMES ; VALENÇA, ANA MARIA GONDIM ; DE CARVALHO, FABÍOLA GALBIATTI	A2	
artigoEmPeriodico	 	2018	2005-4149	http://dx.doi.org/10.1007/s12540-018-0111-x	Microstructural Evolution of HSLA ISO 3183 X80M (API 5L X80) Friction Stir Welded Joints	Metals and Materials International	HERMENEGILDO, TAHIANA F. C. ; SANTOS, TIAGO F. A. ; TORRES, EDWAR A. ; AFONSO, CONRADO R. M. ; RAMIREZ, ANTONIO J.	A2	METALS AND MATERIALS INTERNATIONAL
artigoEmPeriodico	 	2018	0925-8388	http://dx.doi.org/10.1016/j.jallcom.2018.07.339	White light emission from single-phase Y 2 MoO 6 : xPr 3+ (x= 1, 2, 3 and 4-mol%) phosphor	JOURNAL OF ALLOYS AND COMPOUNDS	LOVISA, L.X. ; SANTIAGO, A.A.G. ; FARIAS, M.B. ; BARROS, B.S. ; Longo, E. ; LI, M.S. ; PASKOCIMAS, C.A. ; BOMIO, M.R.D. ; MOTTA, F.V.	A2	
artigoEmPeriodico	 	2018	0026-265X	http://dx.doi.org/10.1016/j.microc.2018.09.013	Ammunition encoding by means of co-doped luminescent markers	MICROCHEMICAL JOURNAL	LUCENA, M.A.M. ; AROUCA, A.M. ; TALHAVINI, M. ; ALVES-JÚNIOR, S. ; WEBER, I.T.	A2	MICROCHEMICAL JOURNAL (PRINT)
artigoEmPeriodico	 	2018	2412-5954		Comparative Study of API 5L X60 and ASTM 572 Gr50 Steel Exposed to Crude Oil and Seawater	Mechanics, Materials Science & Engineering	MARQUEZ, M. V. C. ; CIRINO, J. A. ; VIEIRA, M. R. S. ; URTIGA FILHO, S. L.	C	MECHANICS, MATERIALS SCIENCE & ENGINEERING JOURNAL
artigoEmPeriodico	 	2018	0023-6438	http://dx.doi.org/10.1016/j.lwt.2018.04.015	Chemical composition and antibacterial activity of Eugenia brejoensis essential oil nanoemulsions against Pseudomonas fluorescens	LWT-FOOD SCIENCE AND TECHNOLOGY	MENDES, J.F. ; MARTINS, H.H.A. ; OTONI, C.G. ; SANTANA, N.A. ; SILVA, R.C.S. ; DA SILVA, A.G. ; SILVA, M.V. ; CORREIA, M.T.S. ; MACHADO, G. ; PINHEIRO, A.C.M. ; PICCOLI, R.H. ; OLIVEIRA, J.E.	C	SCIENCE AND TECHNOLOGY
artigoEmPeriodico	 	2018	0928-4931	http://dx.doi.org/10.1016/j.msec.2018.04.089	Titanium dioxide nanotubes functionalized with Cratylia mollis seed lectin, Cramoll, enhanced osteoblast-like cells adhesion and proliferation	Materials Science & Engineering C-Materials for Biological Applications	OLIVEIRA, WESLLEY F. ; SILVA, GERMANA M.M. ; CABRAL FILHO, PAULO E. ; FONTES, ADRIANA ; OLIVEIRA, MARIA D.L. ; ANDRADE, CÉSAR A.S. ; SILVA, MÁRCIA V. ; COELHO, LUANA C.B.B. ; Machado, Giovanna ; CORREIA, MARIA T.S.	B1	
artigoEmPeriodico	 	2018	0103-5053	http://dx.doi.org/10.21577/0103-5053.20180087	Metal Organic Frameworks for Selective Degradation of Amoxicillin in Biomedical Wastes	JOURNAL OF THE BRAZILIAN CHEMICAL SOCIETY	PAULA, MARCOS ; BARROS, AMANDA ; WANDERLEY, KALINE ; DE SÁ, GILBERTO ; EBERLIN, MARCOS ; SOARES, THEREZA ; Alves Jr., Severino	B1	
artigoEmPeriodico	 	2018	2235-2988	http://dx.doi.org/10.3389/fcimb.2018.00303	Encapsulation of the HSP-90 Chaperone Inhibitor 17-AAG in Stable Liposome Allow Increasing the Therapeutic Index as Assessed, in vitro, on Leishmania (L) amazonensis Amastigotes-Hosted in Mouse CBA Macrophages	Frontiers in Cellular and Infection Microbiology	PETERSEN, ANTONIO LUIS DE OLIVEIRA ALMEIDA ; CAMPOS, THIERS A. ; DANTAS, DIANA ANGÉLICA DOS SANTOS ; REBOUÇAS, JULIANA DE SOUZA ; DA SILVA, JULIANA CRUZ ; DE MENEZES, JULIANA P. B. ; FORMIGA, FÁBIO R. ; DE MELO, JANAINA V. ; Machado, Giovanna ; VERAS, PATRÍCIA S. T.	Qualis nao identificado	Frontiers in Cellular and Infection Microbiology
artigoEmPeriodico	 	2018	0016-2361	http://dx.doi.org/10.1016/j.fuel.2018.05.064	Influence of sucrose addition and acid treatment of silica-supported Co-Ru catalysts for Fischer-Tropsch synthesis	FUEL	RIBEIRO, ANDRÉ T.S. ; BEZERRA, VICTOR V.L. ; BARTOLOMEU, RODRIGO A.C. ; ABREU, CESAR A.M. ; FILHO, NELSON M.L. ; SILVA, ANTÔNIO O.S. ; MARANHÃO, LAÍSSE C.A. ; MERINO, DAVID ; SANZ, OIHANE ; MONTES, MARIO ; Machado, Giovanna ; ALMEIDA, LUCIANO C.	A1	
artigoEmPeriodico	 	2018	0167-577X	http://dx.doi.org/10.1016/j.matlet.2018.07.033	Synthesis of luminescent gel-like materials based on glutamate and neodymium(III)	MATERIALS LETTERS	RIOS, NATHALIA P.S.M. ; DE AZEVEDO, LEANDRO A. ; NEVES, ROBERTA C.S. ; Alves Júnior, Severino ; FALCÃO, EDUARDO H.L.	A2	
artigoEmPeriodico	 	2018	1615-9306	http://dx.doi.org/10.1002/jssc.201700812	Characterization and application of a lanthanide-based metal-organic framework in the development and validation of a matrix solid-phase dispersion procedure for pesticide extraction on peppers (Capsicum annuum L.) with gas chromatography-mass spectrometr	JOURNAL OF SEPARATION SCIENCE	Santos Barreto, Alysson ; DE CÁSSIA DA SILVA ANDRADE, PAULA ; MEIRA FARIAS, JÉSSICA ; MENEZES FILHO, ADALBERTO ; FERNANDES DE SÁ, GILBERTO ; Alves Júnior, Severino	A2	JOURNAL OF SEPARATION SCIENCE (PRINT)
artigoEmPeriodico	 	2018	0103-5053	http://dx.doi.org/10.21577/0103-5053.20180218	New Composites CP@AC Based on Lanthanide Succinates	JOURNAL OF THE BRAZILIAN CHEMICAL SOCIETY	SANTOS, GUILHERME ; DE OLIVEIRA, CARLOS ; DA SILVA, FAUSTHON ; Alves Jr., Severino	B1	
artigoEmPeriodico	 	2018	1477-9226	http://dx.doi.org/10.1039/c8dt04649b	Bright Thermal (Blackbody) Emission of Visible Light From LnO 2 (Ln = Pr, Tb), Photoinduced by NIR 980 nm Laser	DALTON TRANSACTIONS	SILVA FILHO, CÍCERO INÁCIO INÁCIO ; DE OLIVEIRA, ANTONIO LEONEL LEONEL ; PEREIRA, SUELEN CATHERINE FARIAS ; DE SÁ, GILBERTO FERNANDES ; DA LUZ, LEONIS L. ; Alves Júnior, Severino	Qualis nao identificado	DALTON TRANSACTIONS
artigoEmPeriodico	 	2018	1980-6973	http://dx.doi.org/10.1590/0104-9224/si2303.06	Soldagem Helicoidal de Tubos Produzida em Campo do Aço ASTM A-1018 e sua Correlação com Características Mecânicas e Microestruturais das Juntas Soldadas	REVISTA SOLDAGEM E INSPEÇÃO	SILVA, ANA CARLA SANTOS DA ; FIGUEREDO, ERIKE WILKER ARRUDA ; SILVA JÚNIOR, DEUSDEDIT CARLOS DA ; HERMENEGILDO, TAHIANA FRANCISCA DA CONCEIÇÃO ; SANTOS, TIAGO FELIPE DE ABREU	B2	
artigoEmPeriodico	 	2018	2470-1343	http://dx.doi.org/10.1021/acsomega.8b01067	Multifunctional System Polyaniline-Decorated ZIF-8 Nanoparticles as a New Chemo-Photothermal Platform for Cancer Therapy	ACS Omega	SILVA, JANINE S. F. ; SILVA, JOSÉ Y. R. ; de Sá, Gilberto F. ; ARAÚJO, SILVANY S. ; FILHO, MANOEL A. GOMES ; RONCONI, CÉLIA M. ; SANTOS, THIAGO C. ; Júnior, Severino A.	Qualis nao identificado	ACS Omega
artigoEmPeriodico	 	2018	1466-8033	http://dx.doi.org/10.1039/c8ce00743h	Syntheses and Structural Understanding of Ti-Ta Alloy Based Nanotubular Oxide Photocatalyst	CRYSTENGCOMM	SOARES, THIAGO ANDRÉ SALGUEIRO ; GALVÃO, RHAUANE ALMEIDA ; DE HOLANDA, LILIAN CAMPELO ; KINAST, ÉDER JULIO ; BESTETTI, MASSIMILIANO ; GONÇALVES, RENATO VITALINO ; TEIXEIRA NETO, ÂNGELA ALBUQUERQUE ; TEIXEIRA NETO, ERICO ; ALMEIDA, LUCIANO COSTA ; TEIXERA, SERGIO RIBEIRO ; KHAN, SHERDIL ; Machado, Giovanna	Qualis nao identificado	CRYSTENGCOMM
artigoEmPeriodico	 	2018	2050-7526	http://dx.doi.org/10.1039/c8tc00658j	Carboxyl-functionalized ionic liquids: synthesis, characterization and synergism with rare earth ions	Journal of Materials Chemistry C	SOUZA RAMOS, TALITA JORDANNA DE ; BERTON, GUILHERME HENRIQUE ; CASSOL, TÂNIA MARIA MARIA ; Júnior, Severino Alves	A1	JOURNAL OF MATERIALS CHEMISTRY C
artigoEmPeriodico	 	2018	1980-5373	http://dx.doi.org/10.1590/1980-5373-mr-2016-1011	Influence of Rotational Speed in the Friction Surfacing of Titanium Grade 1 on Ti-6Al-4V	MATERIALS RESEARCH	VALE, NATÁLIA LOPES DO ; FITSEVA, VIKTORIA ; HANKE, STEFANIE ; Urtiga Filho, Severino Leopoldino ; SANTOS, JORGE FERNANDEZ DOS	B1	
artigoEmPeriodico	 	2018	0209-4541		Comparison of Behaviour to Oxidation at High Temperature of Two Superalloys: Inconel 713C and IC-50	OXIDATION COMMUNICATIONS	VICENTE, A. A. ; MORENO, J. R. S. ; TENÓRIO, J. A. S. ; BOTELHO JR, A. B. ; SANTOS, T.F.A. ; ESPINOSA, D. C. R.	B2	
artigoEmPeriodico	 	2017	1678-4553	http://dx.doi.org/10.1590/0366-69132017633652051	Dispersão e consolidação de zircônia dopada com WOx a partir do tungstato de zircônio e trietanolamina em meio aquoso	CERÂMICA	ANTUNES, M. ; ZORZI, J. E. ; MACHADO, G. ; PEROTTONI, C. A.	B3	
artigoEmPeriodico	 	2017	0366-6913	http://dx.doi.org/10.1590/0366-69132017633672104	Avaliação da fotoluminescência do TiO 2 sintetizado pelo método Pechini	Cerâmica	ARAÚJO, D. S. ; DINIZ, V. C. S. ; DANTAS, J. ; ARAÚJO, P. M. A. G. ; VIANA, R. S. ; JUNIOR, S. A. ; TORQUATO, R. A. ; COSTA, A. C. F. M.	Qualis nao identificado	Cerâmica
artigoEmPeriodico	 	2017	1678-4553	http://dx.doi.org/10.1590/0366-69132017633652041	Modificação da superfície do ZnAl1,9Eu0,05O4 visando a obtenção do híbrido ZnAl1,9Eu0,05O4/SiO2 para aplicação como biossensor	Ceramica	ARAÚJO, P. M. A. G. ; SANTOS, P. T. A. ; A. JUNIOR, S. ; VIANA, R. S. ; COSTA, A. C. F. M.	Qualis nao identificado	Ceramica
artigoEmPeriodico	 	2017	1874-2106	http://dx.doi.org/10.2174/1874210601711010048	Pulp Revascularization: A Literature Review	The Open Dentistry Journal	ARAÚJO, POLLYANA RODRIGUES DE SOUZA ; SILVA, LUCIANO BARRETO ; NETO, ALEXANDRINO PEREIRA DOS SANTOS ; ALMEIDA DE ARRUDA, JOSÉ ALCIDES ; ÁLVARES, PÂMELLA RECCO ; SOBRAL, ANA PAULA VERAS ; Júnior, Severino Alves ; LEÃO, JAIR CARNEIRO ; BRAZ DA SILVA, RODIVAN ; SAMPAIO, GERHILDE CALLOU	B3	THE OPEN DENTISTRY JOURNAL
artigoEmPeriodico	 	2017	2046-2069	http://dx.doi.org/10.1039/c6ra27850g	Site-selective Eu( <scp>iii</scp> ) spectroscopy of highly efficient luminescent mixed-metal Pb( <scp>ii</scp> )/Eu( <scp>iii</scp> ) coordination polymers	RSC Advances: an international journal to further the chemical sciences	BARBOSA, C. D. E. S. ; DA LUZ, L.L. ; PAZ, F. A. ALMEIDA ; MALTA, O. L. ; RODRIGUES, M. O. ; JÚNIOR, S. A. ; FERREIRA, R. A. S. ; CARLOS, L. D.	A2	RSC ADVANCES: AN INTERNATIONAL JOURNAL TO FURTHER THE CHEMICAL SCIENCES
artigoEmPeriodico	 	2017	0167-577X	http://dx.doi.org/10.1016/j.matlet.2017.01.106	Thermochromic Properties of Cucurbituril-based 3d-4f Heterometallic Material	Materials Letters (General ed.)	da Silva, Fausthon Fred ; de Oliveira, Carlos Alberto Fernandes ; FALCÃO, EDUARDO HENRIQUE LAGO ; Júnior, Severino Alves	A2	MATERIALS LETTERS (GENERAL ED.)
artigoEmPeriodico	 	2017	0022-2860	http://dx.doi.org/10.1016/j.molstruc.2017.10.096	Copper-based 2D-coordination polymer as catalyst for allylation of aldehydes	JOURNAL OF MOLECULAR STRUCTURE	DA SILVA, GILSON B. ; DE MENEZES, PAULO H. ; MALVESTITI, Ivani ; FALCÃO, EDUARDO H.L. ; Alves, S. ; CHOJNACKI, JAROS'AW ; DA SILVA, FAUSTHON F.	B1	JOURNAL OF MOLECULAR STRUCTURE (PRINT)
artigoEmPeriodico	 	2017	0022-4596	http://dx.doi.org/10.1016/j.jssc.2017.05.023	METAL-ORGANIC FRAMEWORK: STRUCTURE AND MAGNETIC PROPERTIES OF [Cu 3 (BTC) 2 (L)x.(CuO) y ] n (L= H 2 O, DMF)	JOURNAL OF SOLID STATE CHEMISTRY	DA SILVA, GILVALDO G. ; Machado, F.L.A. ; JUNIOR, S. ALVES ; PADRÓN-HERNÁNDEZ, E.	Qualis nao identificado	JOURNAL OF SOLID STATE CHEMISTRY
artigoEmPeriodico	 	2017	2519-9412	http://dx.doi.org/10.21839/jaar.2017.v2i1.47	Nanoparticle-assisted Polymerase Chain Reaction (NanoPCR): Optimization of PCR detection of Leifsonia xyli subsp. xyli by the addition of nanoparticles	Journal of Applied and Advanced Research	DANTAS, PATRÍCIA VIRGÍNIA PADILHA ; MELO, CAIO FIGUEIRÓ ; HOULLOU, LAUREEN MICHELLE ; Machado, Giovanna	Qualis nao identificado	Journal of Applied and Advanced Research
artigoEmPeriodico	 	2017	1662-9752	http://dx.doi.org/10.4028/www.scientific.net/msf.899.25	Manufacturing of AA2124 Aluminum Alloy Metal Matrix Composites Reinforced by Silicon Carbide Processed by Powder Metallurgy Techniques of High Energy Ball Milling and Hot Extrusion	MATERIALS SCIENCE FORUM (ONLINE)	DE ARAÚJO FILHO, OSCAR OLIMPIO ; DE ARAÚJO, EVERTHON RODRIGUES ; DE LIRA, HERONILTON MENDES ; GONZALEZ, Cezar Henrique ; SILVA, NOELLE DEMERY GOMES ; Urtiga Filho, Severino Leopoldino	Qualis nao identificado	MATERIALS SCIENCE FORUM (ONLINE)
artigoEmPeriodico	 	2017	1662-9752	http://dx.doi.org/10.4028/www.scientific.net/msf.899.361	Secondary Hardening of an AISI M3:2 High Speed Steel Sinter 23 Hot Isostatic Pressed	MATERIALS SCIENCE FORUM (ONLINE)	DE ARAÚJO FILHO, OSCAR OLIMPIO ; GONZALEZ, Cezar Henrique ; Urtiga Filho, Severino Leopoldino ; OLIVEIRA, C.A.N. ; SILVA, NOELLE DEMERY GOMES ; AMBROZIO FILHO, F.	Qualis nao identificado	MATERIALS SCIENCE FORUM (ONLINE)
artigoEmPeriodico	 	2017	1474-905X	http://dx.doi.org/10.1039/c6pp00408c	The new supramolecular nano-aggregate curcumin-cucurbit[7]uril: synthesis, photophysical properties and biocompatibility evaluation	PHOTOCHEMICAL & PHOTOBIOLOGICAL SCIENCES	DE AZEVEDO, LEANDRO ARAÚJO ; DA LUZ, LEONIS LOURENÇO ; DE SOUZA FERRO, JAMYLLE NUNES ; BARRETO, EMILIANO ; OLIVEIRA SILVA, RICARDO ; Alves, Severino ; ALVES, IANE BEZERRA VASCONCELOS	B1	PHOTOCHEMICAL & PHOTOBIOLOGICAL SCIENCES (PRINT)
artigoEmPeriodico	 	2017	0272-8842	http://dx.doi.org/10.1016/j.ceramint.2017.03.160	Tunable photoluminescence of nanostructured LaPO 4 :Eu 3+ /Tb 3+ synthesized via a microwave-assisted ethylene glycol route	CERAMICS INTERNATIONAL	DE OLIVEIRA, R.S. ; DE BRITO, B.S. ; KULESZA, J. ; ALVES-JR, S. ; Barros, B.S.	A1	
artigoEmPeriodico	 	2017	0254-0584	http://dx.doi.org/10.1016/j.matchemphys.2017.01.024	Influence of synthesis time on the microstructure and photophysical properties of Gd-MOFs doped with Eu3+	MATERIALS CHEMISTRY AND PHYSICS	DO NASCIMENTO, JARLEY FAGNER SILVA ; BARROS, BRÁULIO SILVA ; KULESZA, JOANNA ; DE OLIVEIRA, JOÃO BOSCO LUCENA ; PEREIRA LEITE, ANA KARINA ; DE OLIVEIRA, ROSIVÂNIA SILVA	A2	
artigoEmPeriodico	 	2017	0957-4484	http://dx.doi.org/10.1088/1361-6528/aa5ab0	Economically attractive route for the preparation of high quality magnetic nanoparticles by the thermal decomposition of iron(III) acetylacetonate	NANOTECHNOLOGY	EFFENBERGER, FERNANDO B ; COUTO, RICARDO A ; KIYOHARA, PEDRO K ; Machado, Giovanna ; MASUNAGA, SUELI H ; JARDIM, RENATO F ; ROSSI, LIANE M	Qualis nao identificado	NANOTECHNOLOGY
artigoEmPeriodico	 	2017	0360-3199	http://dx.doi.org/10.1016/j.ijhydene.2017.05.080	Characterization and application of self-assembled thin films of polyelectrolytes/TiO 2 /CdSe for hydrogen production	INTERNATIONAL JOURNAL OF HYDROGEN ENERGY	FARIA, A.C.R. ; VEBBER, M.C. ; DAL'ACQUA, N. ; GIOVANELA, M. ; Aguzzoli, C. ; PEREIRA, M.B. ; MACHADO, G. ; CRESPO, J.S.	A2	
artigoEmPeriodico	 	2017	1754-2138	http://dx.doi.org/10.1080/09507116.2016.1218615	Influence of welding position and parameters in orbital tig welding applied to low-carbon steel pipes	Welding International	FEGUEIROA, D. W. ; PIGOZZO, I. O. ; SILVA, R. H. G. E. ; Santos, T. F. A. ; URTIGA FILHO, S. L.	B3	WELDING INTERNATIONAL
artigoEmPeriodico	 	2017	0104-4478	http://dx.doi.org/10.1590/1678-987317256205	Crescimento econômico, democracia e instituições: quais as evidências dessas relações causais na América Latina?	Revista de Sociologia e Política	FITIPALDI, I. ; GAMA NETO, R. B. ; COSTA, S. F. ; ARAUJO, C. M.	Qualis nao identificado	Revista de Sociologia e Política
artigoEmPeriodico	 	2017	0104-7094		Guerra cibernética/Guerra eletrônica ? conceitos, desafios e espaços de interação	POLITICA HOJE (UFPE. IMPRESSO)	GAMA NETO, R. B	Qualis nao identificado	POLITICA HOJE (UFPE. IMPRESSO)
artigoEmPeriodico	 	2017	1932-7447	http://dx.doi.org/10.1021/acs.jpcc.6b10540	Photochemical Hydrogen Production of Ta 2</sub> O 5</sub> Nanotubes Decorated with NiO Nanoparticles by Modified Sputtering Deposition	Journal of Physical Chemistry C	GONCALVES, R. V. ; Wender, H ; Migowski, Pedro ; A.F. Feil ; EBERHARDT, DARIO ; BOITA, J. ; KHAN, S. ; G. Machado ; DUPONT, Jairton ; TEIXEIRA, Sérgio Ribeiro	A1	JOURNAL OF PHYSICAL CHEMISTRY. C
artigoEmPeriodico	 	2017	1984-7300		Análise térmica de soldagem obtida numericamente na liga de alumínio AA 5056 pelo processo GMAW	REVISTA DE CIÊNCIA, TECNOLOGIA E HUMANIDADES (CIENTEC)	GUIMARAES, P. B. ; OLIVEIRA, C. A. N. ; OLIVEIRA NETO, J. J. C ; ANTONINO, T. S. ; L JUNIOR, J. D. ; FERREIRA, R. A. S. ou SANGUINETTI FERREIRA, R. A.	B5	
artigoEmPeriodico	 	2017	0104-9224	http://dx.doi.org/10.1590/0104-9224/si2202.03	Desenvolvimento dos Parâmetros do Processo de Soldagem por Atrito com Pino Não Consumível para o Aço de Alta Resistência e Baixa Liga ISO 3183 X80M	Soldagem & Inspecao	HERMENEGILDO, TAHIANA F. C. ; SILVA, ANA CARLA S. ; TORRES, EDWAR A. ; SANTOS, TIAGO F. A. ; RAMIREZ, ANTONIO J.	B2	
artigoEmPeriodico	 	2017	1980-5373	http://dx.doi.org/10.1590/1980-5373-mr-2016-1015	Modulator Effect of Acetic Acid on the Morphology of Luminescent Mixed Lanthanide- Organic Frameworks	MATERIALS RESEARCH	LEITE, ANA KARINA PEREIRA ; BARROS, BRÁULIO SILVA ; KULESZA, JOANNA ; NASCIMENTO, JARLEY FAGNER SILVA DO ; MELO, DULCE MARIA DE ARAÚJO ; OLIVEIRA, ANGELO ANDERSON SILVA DE	B1	
artigoEmPeriodico	 	2017	1944-8244	http://dx.doi.org/10.1021/acsami.6b13474	Application of the Metal-Organic Framework [Eu(BTC)] as a Luminescent Marker for Gunshot Residues: A Synthesis, Characterization, and Toxicity Study	ACS Applied Materials & Interfaces (Print)	LUCENA, MARCELLA A. M. ; OLIVEIRA, MARINA F. L. ; AROUCA, ALINE M. ; TALHAVINI, MÁRCIO ; FERREIRA, EDUARDO A. ; Alves, Severino ; VEIGA-SOUZA, FABIANE H. ; Weber, Ingrid T.	A1	ACS APPLIED MATERIALS & INTERFACES (PRINT)
artigoEmPeriodico	 	2017	1516-1439	http://dx.doi.org/10.1590/1980-5373-mr-2016-1060	Double Kinetics of Intermetallic Phase Precipitation in UNS S32205 Duplex Stainless Steels Submitted to Isothermal Heat Treatment	Materials Research-Ibero-american Journal of Materials	MARQUES, I. J. ; VICENTE, A. A. ; TENÓRIO, J. A. S. ; SANTOS, T.F.A.	B1	Materials Research-Ibero-american Journal of Material
artigoEmPeriodico	 	2017	0022-2313	http://dx.doi.org/10.1016/j.jlumin.2017.04.001	Improving the Quantum Efficiency of the Lanthanide-Organic Framework [Eu 2 (MELL)(H 2 O) 6 ] by Heating: A Simple Strategy to Produce Efficient Luminescent Devices	JOURNAL OF LUMINESCENCE	MILANI, RAQUEL ; DA LUZ, LEONIS L. ; DE ARAÚJO, ANA CLÁUDIA V. ; Rodrigues, Nailton M. ; FALCÃO, EDUARDO H.L. ; de Azevedo, Walter M. ; da Costa, Nivan B. ; CARDOSO, MATEUS B. ; FREIRE, Ricardo O. ; Júnior, Severino A.	A2	
artigoEmPeriodico	 	2017	0928-4931	http://dx.doi.org/10.1016/j.msec.2017.08.017	Functionalization of titanium dioxide nanotubes with biomolecules for biomedical applications	Materials Science & Engineering C-Materials for Biological Applications	OLIVEIRA, WESLLEY F. ; ARRUDA, ISABEL R.S. ; SILVA, GERMANA M.M. ; Machado, Giovanna ; COELHO, LUANA C.B.B. ; CORREIA, MARIA T.S.	B1	
artigoEmPeriodico	 	2017	0195-6701	http://dx.doi.org/10.1016/j.jhin.2017.11.008	Staphylococcus aureus and Staphylococcus epidermidis infections on implants	JOURNAL OF HOSPITAL INFECTION	OLIVEIRA, WESLLEY F. ; SILVA, PRISCILA M.S. ; SILVA, RAYANE C.S. ; SILVA, GERMANA M.M. ; Machado, Giovanna ; COELHO, LUANA C.B.B. ; CORREIA, MARIA T.S.	Qualis nao identificado	JOURNAL OF HOSPITAL INFECTION
artigoEmPeriodico	 	2017	1516-1439	http://dx.doi.org/10.1590/1980-5373-mr-2016-0954	Corrosion Behavior of API 5L X80 Steel in the Produced Water of Onshore Oil Recovery Facilities	Materials Research-Ibero-american Journal of Materials	OLIVIERA, E. S. D. ; PEREIRA, R. F. C. ; MELO, I. R. ; Andrade Lima M. A. G ; Urtiga Filho, Severino Leopoldino	B1	Materials Research-Ibero-american Journal of Material
artigoEmPeriodico	 	2017	1516-1439	http://dx.doi.org/10.1590/1980-5373-mr-2017-0025	Evaluation of Co-Ni/SiC Nanocomposite Coating Obtained by Electrodeposition on the Corrosion Resistance of API 5L X80 Steel	Materials Research-Ibero-american Journal of Materials	PEREIRA, R. F. C. ; OLIVIERA, E. S. D. ; VIIEIRA, M. R. S. ; Andrade Lima M. A. G ; Urtiga Filho, Severino Leopoldino	B1	Materials Research-Ibero-american Journal of Material
artigoEmPeriodico	 	2017	1662-9752	http://dx.doi.org/10.4028/www.scientific.net/msf.899.317	Influence of Composite Nano-Coating of Ni-Co-SiC Obtained by Electrodeposition on the Corrosion Resistance of API 5L X80 Steel	MATERIALS SCIENCE FORUM (ONLINE)	PEREIRA, ROSEANA FLORENTINO DA COSTA ; DE OLIVEIRA, EDKARLLA SOUSA DANTAS ; ALVES E SILVA, DIOGO LINS ; RIBEIRO, ANDRÊSSA SOUZA ; DE ARAÚJO FILHO, OSCAR OLIMPIO ; DE ANDRADE E LIMA, MARIA ALICE GOMES ; Urtiga Filho, Severino Leopoldino	Qualis nao identificado	MATERIALS SCIENCE FORUM (ONLINE)
artigoEmPeriodico	 	2017	1741-427X	http://dx.doi.org/10.1155/2017/3647801	Anti-Inflammatory Activity of Babassu Oil and Development of a Microemulsion System for Topical Delivery	Evidence-based Complementary and Alternative Medicine	REIS, MYSRAYN Y. F. A. ; SANTOS, SIMONE M. DOS ; SILVA, DANIELLE R. ; SILVA, MÁRCIA V. ; CORREIA, MARIA TEREZA S. ; NAVARRO, DANIELA M. A. FERRAZ ; SANTOS, GEANNE K. N. ; HALLWASS, FERNANDO ; Bianchi, Otávio ; SILVA, ALEXANDRE G. ; MELO, JANAÍNA V. ; MATTOS, ALESSANDRA B. ; XIMENES, RAFAEL M. ; Machado, Giovanna ; SARAIVA, KARINA L. A.	Qualis nao identificado	Evidence-based Complementary and Alternative Medicine
artigoEmPeriodico	 	2017	0969-0239	http://dx.doi.org/10.1007/s10570-017-1218-9	Control of properties of nanocomposites bio-based collagen and cellulose nanocrystals	Cellulose	RODRIGUES, ANA P. H. ; PEREIRA, IACI M. ; DE SOUZA, SÂMARA D. ; GIL, CAMILA S. BREY ; Machado, Giovanna ; CARVALHO, SANDHRA M. ; PEREIRA, FABIANO V. ; PAIVA, PAULO R. P. ; DE OLIVEIRA, LUIZ C. A. ; DE O. PATRICIO, PATRÍCIA S.	Qualis nao identificado	Cellulose
artigoEmPeriodico	 	2017	1615-9306	http://dx.doi.org/10.1002/jssc.201700501	Evaluation of a novel metal-organic framework as an adsorbent for the extraction of multiclass pesticides from coconut palm ( Cocos nucifera</i> L.): An analytical approach using matrix solid-phase dispersion and liquid chromatography	JOURNAL OF SEPARATION SCIENCE	ROMÁRIO DE JESUS, JEMMYSON ; AMARAL WANDERLEY, KALINE ; Alves Júnior, Severino ; Navickiene, Sandro	A2	JOURNAL OF SEPARATION SCIENCE (PRINT)
artigoEmPeriodico	 	2017	0103-5053	http://dx.doi.org/10.21577/0103-5053.20170201	Factorial Design Applied for Evaluation of Effect of Interactions among Precursors on the Thermal Decomposition Temperature of Montmorillonite/Poly(Methyl Methacrylate) Nanocomposites	JOURNAL OF THE BRAZILIAN CHEMICAL SOCIETY	SANTANA, JOSEANE ; ARAUJO, RENNAN ; DE JESUS, FILIPE ; LIMA, KELLY ; Machado, Giovanna ; CRUZ, MARIA ; SARMENTO, VICTOR	B1	
artigoEmPeriodico	 	2017	1932-6203	http://dx.doi.org/10.1371/journal.pone.0170026	New Composites LnBDC@AC and CB[6]@AC: From Design toward Selective Adsorption of Methylene Blue or Methyl Orange	Plos One	SANTOS, GUILHERME DE C. ; BARROS, AMANDA L. ; DE OLIVEIRA, CARLOS A. F. ; DA LUZ, LEONIS L. ; DA SILVA, FAUSTHON F. ; DEMETS, GRÉGOIRE J.-F. ; Alves Júnior, Severino	A1	
artigoEmPeriodico	 	2017	0950-7116	http://dx.doi.org/10.1080/09507116.2017.1347323	Friction stir welding of duplex stainless steels	WELDING INTERNATIONAL	Santos, Tiago Felipe de Abreu; TORRES, EDWAR ANDRÉS ; RAMIREZ, ANTONIO JOSE	B3	
artigoEmPeriodico	 	2017	1040-0397	http://dx.doi.org/10.1002/elan.201700384	Voltammetric Determination of Captopril on a Glassy Carbon Electrode Modified with Copper Metal-Organic Framework	ELECTROANALYSIS	SILVA'VASCONCELOS, WELLYTON ; DA'SILVA, GILVALDO GENTIL ; ALVES'JUNIOR, SEVERINO ; DOS'ANJOS, JANAÍNA VERSIANI ; DA'CUNHA'AREIAS, MADALENA CARNEIRO	Qualis nao identificado	ELECTROANALYSIS
artigoEmPeriodico	 	2017	1944-8244	http://dx.doi.org/10.1021/acsami.6b15667	Lanthanide-Organic Gels (LOGs) as a Multifunctional Supramolecular Smart Platform	ACS Applied Materials & Interfaces	SILVA, JOSÉ YAGO RODRIGUES ; DA LUZ, LEONIS LOURENÇO ; MAURICIO, FILIPE GABRIEL MARTINEZ ; VASCONCELOS ALVES, IANE BEZERRA ; FERRO, JAMYLLE NUNES DE SOUZA ; BARRETO, EMILIANO ; WEBER, INGRID TAVORA ; DE AZEVEDO, WALTER MENDES ; Júnior, Severino Alves	A1	ACS APPLIED MATERIALS & INTERFACES (ONLINE)
artigoEmPeriodico	 	2017	0022-4596	http://dx.doi.org/10.1016/j.jssc.2017.04.002	Structural and spectroscopic investigation of new luminescent hybrid materials based on calix[4]arene-tetracarboxylate and Ln 3+ ions (Ln = Gd, Tb or Eu)	Journal of Solid State Chemistry (Print)	VIANA, R.S. ; OLIVEIRA, C.A.F. ; CHOJNACKI, J. ; Barros, B.S. ; ALVES-JR, S. ; KULESZA, J.	B1	JOURNAL OF SOLID STATE ELECTROCHEMISTRY (PRINT)
artigoEmPeriodico	 	2017	0112-1788		Economia de Defesa: Resposta Tecnológica Para os Desafios Orçamentários do Cenário Estratégico do Brasil	Revista da Escola Superior de Guerra	WALKER, M. S. ; GAMA NETO, R. B.	Qualis nao identificado	Revista da Escola Superior de Guerra
trabalhoCompletoEmCongresso	 	2020	http://dx.doi.org/10.29327/conemi.291087	FABRICAÇÃO DE UMA LIGA EQUIATÔMICA DE TINI COM EFEITO MEMÓRIA DE FORMA PELO MÉTODO PLASMA SKUL-PUSH PULL	20XX CONEMI	TENORIO LUNA DA SILVA, TARSILA ; STEPHANY DE SOUZA VIRGOLINO, FILLIPE ; AUGUSTO DO NASCIMENTO OLIVEIRA, CARLOS ; OLIMPIO DE ARAUJO FILHO, OSCAR ; HENRIQUE GONZALEZ, CEZAR		
trabalhoCompletoEmCongresso	 	2019	http://dx.doi.org/10.26678/abcm.cobef2019.cof2019-0590	EQUAL CHANNEL ANGULAR PRESSING AS A VIABLE MANUFACTURING PROCESS TO INCREASE HARDNESS OF COMMERCIALLY PURE ALUMINUM (AL 1050)	COBEF 2019	SOUSA, GUILHERME ; BRAGA, ERIKA ; SILVA, MOISÉS ; BEZERRA DE SANTANA, THIAGO HENRIQUE ; ABREU SANTOS, TIAGO FELIPE ; ABREU, HAMILTON		
trabalhoCompletoEmCongresso	 	2018		Study of the Dynamic Properties of a SMA Mechanically Shaped by Hot Rolling and ECAE	24nd Congress of Mechanical Engineerin	Barbosa, P. S. S ; SILVA, N. J. ; Gonzalez, C. H. ; OLIVEIRA, C. A. N. ; ARAÚJO, CARLOS JOSÉ DE		
trabalhoCompletoEmCongresso	 	2018		INFLUÊNCIA DOS TRATAMENTOS TÉRMICOS E COMPOSIÇÃO DE LIGA NAS TEMPERATURAS DE TRANSFORMAÇÃO MARTENSÍTICA EM LIGAS NI-TI COM EFEITO MEMÓRIA DE FORMA	X Congresso Nacional de Engenharia Mecânica	CARDOSO, MIRELLA ; GONZALEZ, Cezar Henrique ; OLIVEIRA, C. A. N.		
trabalhoCompletoEmCongresso	 	2018		22nd European Conference on Fracture	22nd European Conference on Fracture	FURUTA, Y. ; NISHIZONO, Y. ; AIHARA, S. ; YANAGIMOTO, F. ; KAWABATA, T. ; SHIBANUMA, K. ; OLIVEIRA, C. A. N. ; SHINOHARA, A. H.		
trabalhoCompletoEmCongresso	 	2018		Metodologia para Qualificação de Procedimentos de Soldagem de Tubulações Industriais Conforme Parâmetros dos Códigos ASME B31.3 e ASME SECTION IX	XLIV Congresso Nacional de Soldagem	MACENA, V. A. ; NASCIMENTO, F. A. ; APOLINARIO, L. H. R. ; PICCHI, I. B. M. ; HERMENEGILDO, T.F.C. ; SANTOS, T.F.A.		
trabalhoCompletoEmCongresso	 	2018		Características Geométricas e Microestruturais de Juntas Soldadas por Costura Helicoidal em Campo do Aço ASTM-A1018	XLIV Congresso Nacional de Soldagem	SILVA, A. C. S. ; MACENA, V. A. ; SILVA JR, D. C. ; PEREIRA, R. M. L. ; CARVALHO, K. K. ; HERMENEGILDO, T.F.C. ; SANTOS, T. F. A.		
trabalhoCompletoEmCongresso	 	2018		Soldagem em Campo de Tubulação com Costura Helicoidal por Arco Submerso	X Congresso Nacional de Engenharia Mecânica	SILVA, A. C. S. ; PICCHI, I. B. M. ; APOLINARIO, L. H. R. ; HERMENEGILDO, T.F.C. ; SANTOS, T.F.A.		
trabalhoCompletoEmCongresso	 	2018		Avaliação da morfologia micro-nanométrica e resistência à corrosão de revestimentos super-hidrofóbicos desenvolvidos em liga de alumínio 5052	Intercorr 2018	SILVA, R. G. C. ; MALTA, M. I. C. ; ARAUJO, W. D. O. ; URTIGA FILHO, S. L. ; Oliveira S. H. ; VIIEIRA, M. R. S.		
trabalhoCompletoEmCongresso	 	2018	http://dx.doi.org/10.3217/978-3-85125-615-4-33	A proposal for thermal computational model for API 5L-X80 steel friction stir welds based on thermocouples measurements	12th International Seminar Numerical Analysis of Weldability	SOUSA, G. G. ; MONTOYA, M. ; BOUCHONNEAU, N. S. ; HERMENEGILDO, T. F. C. ; SANTOS, T. F. A.		
trabalhoCompletoEmCongresso	 	2018		O PAPEL DA TECNOLOGIA NA CONCEPÇÃO DE TRANSFORMAÇÃO DO EXÉRCITO BRASILEIRO: CAÍMOS NA ARMADILHA DA REVOLUÇÃO DOS ASSUNTOS MILITARES	10 Encontro Nacional da Associação Brasileira de Estudos de Defesa	TEIXEIRA, A. ; GAMA NETO, R. B.		
trabalhoCompletoEmCongresso	 	2017		IN SITU ELECTROCHEMICAL SENSITIZATION OF Bi2S3 QDs ON TiO2 NANOTUBES FILMS WITH ENHANCED VISIBLE LIGHT PHOTOELECTROCHEMICAL CONVERSION	XVI SBPMAT	G. Machado; FREITAS, D. V. ; NAVARRO, M. ; Johan René González Moya ; SILVA, R. R. ; SOARES, T. A. S. ; OLIVEIRA, D. M. ; MANSUR, H. S.		
trabalhoCompletoEmCongresso	 	2017		Utilização de cartas de controle para ajuste de intervalos de calibração	III SEMANA DAS ENGENHARIAS / II CONGRESSO DE ENGENHARIA	Oliveira, Eduardo José Alecio ; M, S. ; Oliveira, José Eduardo ; SENA, D. A. G ; SILVA, N. G ; SOARES, A. M. F. ; MARQUES, J. J. S ; SILVA, A. M. ; ARAUJO, R. P. ; OLIVEIRA, C. A. N.		
trabalhoCompletoEmCongresso	 	2017		Determinação da incerteza da medição indireta da distância entre centros de plugues de acordo com o novo padrão brasileiro	III SEMANA DAS ENGENHARIAS / II CONGRESSO DE ENGENHARIA.	Oliveira, José Eduardo ; OLIVEIRA, C. A. N.		
trabalhoCompletoEmCongresso	 	2017		Estruturação do Software SQUAL AUDITORIAS aplicado à ISO 9001	III SEMANA DAS ENGENHARIAS / II CONGRESSO DE ENGENHARIA	Oliveira, José Eduardo ; OLIVEIRA, C. A. N.		
trabalhoCompletoEmCongresso	 	2017		Estudo comparativo do uso dos métodos A1, A2 e Método de Schumacher para o estabelecimento dos intervalos de calibração	III SEMANA DAS ENGENHARIAS / II CONGRESSO DE ENGENHARIA	Oliveira, José Eduardo ; OLIVEIRA, C. A. N.		
trabalhoCompletoEmCongresso	 	2017		Aplicação dos métodos A1, A2 e Schumacher no ajuste do intervalo de calibração de célula de torque	Congresso Internacional de Metrologia Mecânica	Oliveira, José Eduardo ; OLIVEIRA, C. A. N.		
trabalhoCompletoEmCongresso	 	2017		CATALISADORES DE Co-Ru/SiO2 APLICADOS A SINTESE DE FISCHER-TROPSCH: COMPARAÇAO ENTRE SISTEMAS EM PO E ESTRUTURADO	19 CONGRESSO BRASILEIRO DE CATALISE E IX CONGRESSO MERCOSUL DE CATALISE	RIBEIRO, A. T. S. ; BEZERRA, V. V. ; BARTOLOMEU, R. A. ; MELO, R.S.F ; SILVA, A. O. ; G. Machado ; ALMEIDA, L. C.		
trabalhoCompletoEmCongresso	 	2017		ESTUDOS DE VARIAVEIS DE PREPARAÇAO DE FILMES CATALITICOS DE TIO2 SUPORTADOS EM PET PARA FOTODEGRADAÇAO DO CORANTE REACTIVE BLACK 5	19 CONGRESSO BRASILEIRO DE CATALISE E IX CONGRESSO MERCOSUL DE CATALISE	RIBEIRO, L. N. ; FONSECA, A. C. ; G. Machado ; ALMEIDA, L. C.		
trabalhoCompletoEmCongresso	 	2017		INFLUENCE OF NEW IONIC LIQUID BTDCVI MIXED IODIDE ELECTROLYTE ON THE PHOTOVOLTAIC PERFORMANCE OF DYE SENSITIZED SOLAR CELLS	XVI SBPMAT	SOARES, T. A. S. ; BARRETO, P. B. ; BEZERRA, Y. ; RICHELLE, I. ; Johan René González Moya ; BRENNO NETO, ; G. Machado		
trabalhoCompletoEmCongresso	 	2017		NANOESTRUTURADO DE TINB2O7: CONTROLE DA AREA SUPERFICIAL ESPECIFICA E AVALIAÇAO DOS EFEITOS SOBRE A FOTOGERAÇAO DE H2	19 CONGRESSO BRASILEIRO DE CATALISE E IX CONGRESSO MERCOSUL DE CATALISE	SOARES, T. A. S. ; HOLANDA, L. C. ; DUARTE, GIAN CARLOS SILVA ; ALMEIDA, L. C. ; G. Machado		
trabalhoCompletoEmCongresso	 	2017	http://dx.doi.org/10.5151/1516-392x-30091	CARACTERIZAÇÃO DE UMA JUNTA SOLDADA DE AÇO INOXIDÁVEL DUPLEX PELO PROCESSO TIG NA RAIZ E ENCHIMENTO COM PROCESSO MIG-MAG	72º Congresso Anual da ABM	VICENTE, ANDRÉ DE ALBUQUERQUE ; CABRAL, DÉBORA ARRUDA ; BUENO, ALEXANDRE ; TURRA, THIAGO VIANA DE OLIVEIRA ; Santos, Tiago Felipe de Abreu ; TENÓRIO, JORGE ALBERTO SOARES		
trabalhoCompletoEmCongresso	 	2017	http://dx.doi.org/10.5151/1516-392x-30248	CARACTERIZAÇÃO MICROESTRUTURAL E ANÁLISES QUÍMICAS SEMI-QUANTITATIVAS DAS FASES FERRITA E AUSTENITA EM AÇOS INOXIDÁVEIS DUPLEX	72º Congresso Anual da ABM	VICENTE, ANDRÉ DE ALBUQUERQUE ; CABRAL, DÉBORA ARRUDA ; COLETI, JORGE LUÍS ; TELLES, VICTOR BRIDI ; Santos, Tiago Felipe de Abreu ; TENÓRIO, JORGE ALBERTO SOARES		
trabalhoCompletoEmCongresso	 	2017	http://dx.doi.org/10.5151/1516-392x-30089	CINÉTICAS DE OXIDAÇÃO E CÁLCULO DA ENERGIA DE ATIVAÇÃO APARENTE PARA FORMAÇÃO DOS ÓXIDOS EM AÇO INOXIDÁVEL AUSTENÍTICOS LAMINADO 253 MA A ALTAS TEMPERATURAS AO AR	72º Congresso Anual da ABM	VICENTE, ANDRÉ DE ALBUQUERQUE ; CABRAL, DÉBORA ARRUDA ; MARQUES, IGOR JORDÃO ; Santos, Tiago Felipe de Abreu ; ESPINOSA, DENISE CROCCE ROMANO ; TENÓRIO, JORGE ALBERTO SOARES		
trabalhoCompletoEmCongresso	 	2017	http://dx.doi.org/10.5151/1516-392x-30090	CARACTERIZAÇÃO MICROESTRUTURAL DAS CAMADAS PROTETIVAS DE ÓXIDOS FORMADOS NAS SUPERFÍCIES DE UM AÇO INOXIDÁVEL AUSTENITICO LAMINADO (253 MA®) OXIDADO A ALTAS TEMPERATURAS AO AR	72º Congresso Anual da ABM	VICENTE, ANDRÉ DE ALBUQUERQUE ; CABRAL, DÉBORA ARRUDA ; MARQUES, IGOR JORDÃO ; Santos, Tiago Felipe de Abreu ; ESPINOSA, DENISE CROCCE ROMANO ; TENÓRIO, JORGE ALBERTO SOARES		
trabalhoCompletoEmCongresso	 	2017	http://dx.doi.org/10.5151/1516-392x-30127	POROSIDADE DE KIRKENDALL EM JUNTAS SOLDADAS DISSIMILARES ENTRE LIGA FE-CR-AL E AÇO INOXIDÁVEL AISI 310 APÓS TRATAMENTO ISOTÉRMICO A 1150oC AO AR	72º Congresso Anual da ABM	VICENTE, ANDRÉ DE ALBUQUERQUE ; LIMA, GIOVANI JONAS DE ; CABRAL, DÉBORA ARRUDA ; FAGGIAN, CARLOS ALBERTO ; Santos, Tiago Felipe de Abreu ; TENÓRIO, JORGE ALBERTO SOARES		
resumoExpandidoEmCongresso	 	2018	EFFICIENCY CONVERSION IMPROVEMENT OF DSSCs THROUGH THE INTRODUCTION OF BENZOTHIAZOLE IN THE ELECTROLYTE	XVII BRAZIL MRS MEETING- SBPMAT, 2018, NATAL. XVII BRAZIL MRS MEETING- SBPMAT 2018	CRUZ, L. S. ; SOARES, T. A. ; G. Machado		
resumoExpandidoEmCongresso	 	2018	AVALIAÇAO DE DIFERENTES LIQUIDOS IONICO NO DESEMPENHO DE CELULAS FOTOVOLTAICAS SENSIBILIZADAS POR CORANTE	CBECIMAT, 2018, FOZ DO IGUAÇU. 23 CONGRESSO BRASILEIRO DE ENGENHARIA E CIÊNCIA DOS MATERIAIS	CRUZ, L. S. ; SOARES, T. A. S. ; G. Machado		
resumoExpandidoEmCongresso	 	2018	Ti/TiO2 NANOTUBES ELECTRODES FPR PHOTOELECTROCHEMICAL DEGRADATION OF METHYLENE BLUE DYE FOR WATER TREATMENT	ACS BOSTON, 2018, BOSTON. ACS BOSTON	Johan René González Moya ; SANTOS, I. ; DARES, C. ; G. Machado		
resumoExpandidoEmCongresso	 	2018	PHOTOELECTROCHEMICAL DEGRADATION OF METHHYLENE BLUE DYE ON Ti/TiO2 NANOTUBES ELECTRODE	41 REUNIAL ANUAL DA SOCIEDADE BRASILEIRA DE QUIMICA, 2018, FOZ DO IGUAÇU. 41 REUNIAL ANUAL DA SOCIEDADE BRASILEIRA DE QUIMICA	Johan René González Moya ; SANTOS,I. M ; G. Machado		
resumoExpandidoEmCongresso	 	2018	SINTESE E CARACTERIZAÇAO DE OXIDOS DE Ti-Nb NANOTUBULARES APLICADOS COMO FOTOCATALIZADORES	CBECIMAT, 2018, FOZ DO IGUAÇU. 23 CONGRESSO BRASILEIRO DE ENGENHARIA E CIENCIAS DOS MATERIAIS	SOARES, T. A. S. ; ARAUJO, P. F. ; GONZÁLEZ-MOYA, JOHAN R ; G. Machado		
resumoExpandidoEmCongresso	 	2017	Síntese eletroquímica da MOF Cu-BDC e seu potencial como carreador de fármaco	II Mostra de Engenharia de Materiais da UFPE, 2018, Recife. Anais da II Mostra de Engenharia de Materiais da UFPE. Recife: Even3	FONSECA, J. D. S. ; Joanna Elzbieta Kulesza ; Barros, B. S. ; MONTEIRO, A. F. F.		
resumoExpandidoEmCongresso	 	2017	AÇAO DO OLEO ESSENCIAL DE TETRAGASTRIS CATUABA (BURSERACEAE) SOBRE A PRODUÇAO DE BIOFILMES BACTERIANOS FORMADOS POR LISTERIA MONOCYTOGENES E EENTEROCOCCUS FAECALIS	9 SIMPOSIO BRASILEIRO DE OLEOS ESSENCIAIS, 2017, CAXIAS DO SUL. 9 SIMPOSIO BRASILEIRO DE OLEOS ESSENCIAIS- SBOE	G. Machado; SILVA, RAYANE C.S. ; ARRUDA, ISABEL R.S. ; MALAFAIA, C. B.		
resumoExpandidoEmCongresso	 	2017	ASSEMBLY OF NANOSTRUCTURED SYSTEMS CONTAING GOLD AND TIO2 I	IUPAC 2017, 2017, SAO PAULO. IUPAC2017	GALVAO, R. ; CAMPOS, C. F. S. ; SILVA, G. M. M. E. ; G. Machado		
resumoExpandidoEmCongresso	 	2017	IMPACT OF ELECTRON TRANSFER ON PHOTOCATALYST TIO2/BIVO4 SENSITIZED WITH AU NANOPARTICLES SYSTEM FOR Z SCHEME HYDROGEN GENERATION	IUPAC 2017, 2017, SAO PAULO. IUPAC2017	GONCALVES, H. B. ; Johan René González Moya ; COSTA, J. C. S. ; G. Machado		
resumoExpandidoEmCongresso	 	2017	CHARGE TRANSFER INTERACTIONS IN TIO2/CDS AND TIO2/AU PHOTOANODE SYSTEMS FOR HYDROGEN GENERATION BY SOLAR ENERGY	IUPAC 2017, 2017, SAO PAULO. IUPAC2017	Johan René González Moya ; GALVAO, R. ; SOARES, T. A. S. ; OLIVEIRA, D. M. ; G. Machado		
resumoExpandidoEmCongresso	 	2017	Redes metalorgânicas à base de titânio (Ti-MOFs): um desafio inovador	II Mostra de Engenharia de Materiais da UFPE, 2017, Recife. Anais da II Mostra de Engenharia de Materiais da UFPE,. Recife	MOREIRA, C. V. C. ; BARROS, B.S.		
resumoExpandidoEmCongresso	 	2017	Luminescence processes in lower-rim substituted calix[4]arene-based hubrid materials	18th International Conference on Luminescence - ICL, 2017, João Pessoa. Program Book of ICL 2017	NASCIMENTO, J. F. S. ; LINS, I. M. S. ; OLIVEIRA, M. A. ; Barros, B S ; Kulesza, J.		
resumoExpandidoEmCongresso	 	2017	Gd-MOFs doped with Eu3+: synthesis, structure and photophysical properties	18th International Conference on Luminescence, 2017, João Pessoa. Program Bookf of ICL 2017	NASCIMENTO, J. F. S. ; OLIVEIRA, J. B. L. ; KULESZA, JOANNA ; ALVES JÚNIOR, Severino ; Barros, B S		
resumoExpandidoEmCongresso	 	2017	Síntese e caracterização de polímero de coordenação à base de calix[4]areno modificado e sua utilização na adsorção de BTEX	II Mostra de Engenharia de Materiais da UFPE, 2018, Recife. Anais da II Mostra de Engenharia de Materiais da UFPE.. Recife: Even3	OLIVEIRA, M. A. ; Joanna Elzbieta Kulesza ; FROS., A. C. O. ; Barros, B. S.		
